-- phpMyAdmin SQL Dump
-- version 4.5.1
-- http://www.phpmyadmin.net
--
-- Host: 127.0.0.1
-- Generation Time: Oct 11, 2016 at 01:11 AM
-- Server version: 10.1.10-MariaDB
-- PHP Version: 5.6.19

SET SQL_MODE = "NO_AUTO_VALUE_ON_ZERO";
SET time_zone = "+00:00";


/*!40101 SET @OLD_CHARACTER_SET_CLIENT=@@CHARACTER_SET_CLIENT */;
/*!40101 SET @OLD_CHARACTER_SET_RESULTS=@@CHARACTER_SET_RESULTS */;
/*!40101 SET @OLD_COLLATION_CONNECTION=@@COLLATION_CONNECTION */;
/*!40101 SET NAMES utf8mb4 */;

--
-- Database: `2016_db_roti`
--

-- --------------------------------------------------------

--
-- Table structure for table `tb_category`
--

CREATE TABLE `tb_category` (
  `category_id` int(11) NOT NULL,
  `category_name` varchar(200) CHARACTER SET utf8 NOT NULL,
  `category_desc` text CHARACTER SET utf8 NOT NULL,
  `category_slug` varchar(100) CHARACTER SET utf8 NOT NULL,
  `category_parent` int(11) NOT NULL,
  `category_type` varchar(50) CHARACTER SET utf8 NOT NULL,
  `category_lineage` longtext CHARACTER SET utf8 NOT NULL,
  `category_deep` int(5) NOT NULL
) ENGINE=InnoDB DEFAULT CHARSET=latin1;

--
-- Dumping data for table `tb_category`
--

INSERT INTO `tb_category` (`category_id`, `category_name`, `category_desc`, `category_slug`, `category_parent`, `category_type`, `category_lineage`, `category_deep`) VALUES
(152, 'News', 'This category to display news', 'news', 0, 'category', '00152', 0),
(156, 'Slider', 'This category to Admin post a Slider Post', 'slider', 0, 'category', '00156', 0),
(161, 'Event', '', 'event-1', 0, 'tags', '00161', 0),
(166, '154', '154', '21', 0, '1', '00166', 0),
(167, '153', '153', '21', 0, '1', '00167', 0),
(168, '152', '152', '21', 0, '1', '00168', 0);

-- --------------------------------------------------------

--
-- Table structure for table `tb_customer`
--

CREATE TABLE `tb_customer` (
  `customer_id` int(11) NOT NULL,
  `customer_name` varchar(100) NOT NULL,
  `customer_address` text,
  `customer_phone` varchar(20) DEFAULT NULL,
  `created` timestamp NOT NULL
) ENGINE=InnoDB DEFAULT CHARSET=utf8;

--
-- Dumping data for table `tb_customer`
--

INSERT INTO `tb_customer` (`customer_id`, `customer_name`, `customer_address`, `customer_phone`, `created`) VALUES
(1, 'umum', 'indonesia', '085', '2016-05-29 07:44:02'),
(2, 'zazin', 'karangmalang sleman yogyakarta', '089654564500', '2016-06-01 18:26:05'),
(3, 'andi', 'jakarta', '0877', '2016-06-01 19:42:31'),
(4, 'indra', 'semarang', '0897676767', '2016-10-08 04:50:14');

-- --------------------------------------------------------

--
-- Table structure for table `tb_giro`
--

CREATE TABLE `tb_giro` (
  `giro_id` int(11) NOT NULL,
  `nomor` varchar(100) DEFAULT NULL,
  `tanggal` date DEFAULT NULL,
  `jatuh_tempo` date DEFAULT NULL,
  `jumlah_hutang` bigint(20) NOT NULL DEFAULT '0',
  `customer_id` int(11) NOT NULL,
  `created` timestamp NOT NULL ON UPDATE CURRENT_TIMESTAMP
) ENGINE=InnoDB DEFAULT CHARSET=utf8;

-- --------------------------------------------------------

--
-- Table structure for table `tb_groups`
--

CREATE TABLE `tb_groups` (
  `id` mediumint(8) UNSIGNED NOT NULL,
  `name` varchar(20) NOT NULL,
  `description` varchar(100) NOT NULL
) ENGINE=InnoDB DEFAULT CHARSET=utf8;

--
-- Dumping data for table `tb_groups`
--

INSERT INTO `tb_groups` (`id`, `name`, `description`) VALUES
(1, 'admin', 'Administrator'),
(2, 'members', 'ini adalah user biasa'),
(3, 'kasir', 'ini adalah user yang bertugas di kasir');

-- --------------------------------------------------------

--
-- Table structure for table `tb_harga`
--

CREATE TABLE `tb_harga` (
  `harga_id` int(11) NOT NULL,
  `outlet_id` int(11) NOT NULL,
  `item_id` int(11) NOT NULL,
  `harga_sales` int(11) NOT NULL,
  `harga_outlet` int(11) NOT NULL,
  `created` timestamp NOT NULL ON UPDATE CURRENT_TIMESTAMP
) ENGINE=InnoDB DEFAULT CHARSET=utf8;

--
-- Dumping data for table `tb_harga`
--

INSERT INTO `tb_harga` (`harga_id`, `outlet_id`, `item_id`, `harga_sales`, `harga_outlet`, `created`) VALUES
(1, 1, 1, 1500, 1000, '2016-10-09 19:56:55'),
(2, 1, 9, 300, 200, '2016-10-09 19:54:29'),
(3, 1, 4, 700, 400, '2016-10-09 19:56:45'),
(4, 1, 5, 3000, 2000, '2016-10-09 20:01:33'),
(5, 1, 8, 2000, 1500, '2016-10-09 20:01:42'),
(6, 1, 11, 4000, 3500, '2016-10-09 20:01:55'),
(7, 1, 36, 4000, 3200, '2016-10-09 20:02:09'),
(8, 1, 3, 6000, 5500, '2016-10-09 20:02:18'),
(9, 1, 37, 5000, 4000, '2016-10-09 20:02:27'),
(10, 1, 7, 5000, 4000, '2016-10-09 20:02:56'),
(11, 1, 6, 3500, 3000, '2016-10-09 20:03:09'),
(12, 1, 2, 2500, 2000, '2016-10-09 20:03:23');

-- --------------------------------------------------------

--
-- Table structure for table `tb_inventory`
--

CREATE TABLE `tb_inventory` (
  `inventory_id` bigint(20) NOT NULL,
  `inventory_stok` int(11) NOT NULL,
  `inventory_discount` int(11) NOT NULL,
  `outlet_id` int(11) NOT NULL,
  `item_id` int(11) NOT NULL,
  `inventory_expired` date DEFAULT NULL,
  `created` timestamp NOT NULL DEFAULT CURRENT_TIMESTAMP ON UPDATE CURRENT_TIMESTAMP
) ENGINE=InnoDB DEFAULT CHARSET=utf8;

--
-- Dumping data for table `tb_inventory`
--

INSERT INTO `tb_inventory` (`inventory_id`, `inventory_stok`, `inventory_discount`, `outlet_id`, `item_id`, `inventory_expired`, `created`) VALUES
(1, 83, 10, 1, 1, '2016-10-15', '2016-10-10 21:56:41'),
(2, 75, 50, 1, 2, '2016-10-15', '2016-10-10 03:11:51'),
(3, 50, 15, 2, 1, '2016-10-15', '2016-10-10 03:11:56'),
(6, 34, 0, 2, 2, '2016-10-15', '2016-10-10 03:11:58'),
(7, 0, 0, 3, 11, '2016-10-15', '2016-10-10 03:12:00'),
(8, 15, 0, 3, 9, '2016-10-15', '2016-10-10 03:12:02'),
(9, 0, 0, 4, 5, '2016-10-15', '2016-10-10 03:12:04'),
(10, 91, 0, 1, 3, '2016-10-15', '2016-10-10 03:12:05'),
(11, 70, 0, 1, 4, '2016-10-15', '2016-10-10 21:56:41'),
(12, 99, 0, 1, 5, '2016-10-15', '2016-10-10 21:56:41'),
(13, 100, 0, 1, 6, '2016-10-15', '2016-10-10 03:12:12'),
(14, 100, 0, 1, 11, '2016-10-15', '2016-10-10 03:12:14'),
(15, 58, 0, 1, 9, '2016-10-15', '2016-10-10 21:56:41'),
(16, 100, 0, 1, 8, '2016-10-15', '2016-10-10 03:12:18'),
(17, 90, 25, 1, 7, '2016-10-15', '2016-10-10 17:09:21'),
(18, 44, 0, 2, 3, '2016-10-15', '2016-10-10 03:12:23'),
(19, 0, 0, 2, 36, '2016-10-15', '2016-10-10 03:12:26'),
(20, 97, 0, 1, 37, '2016-10-15', '2016-10-10 03:12:28'),
(21, 30, 0, 2, 37, '2016-10-15', '2016-10-10 03:12:29'),
(22, 0, 20, 3, 37, '2016-10-15', '2016-10-10 03:12:31'),
(23, 100, 0, 1, 36, '2016-10-15', '2016-10-10 03:12:33'),
(25, 10, 0, 3, 7, '2016-10-15', '2016-10-10 17:09:21');

-- --------------------------------------------------------

--
-- Table structure for table `tb_inv_dapur`
--

CREATE TABLE `tb_inv_dapur` (
  `inv_id` int(11) NOT NULL,
  `inv_stok` int(11) NOT NULL,
  `inv_expired` date NOT NULL,
  `inv_harga` int(11) DEFAULT NULL,
  `item_id` int(11) NOT NULL,
  `created` timestamp NOT NULL DEFAULT CURRENT_TIMESTAMP ON UPDATE CURRENT_TIMESTAMP
) ENGINE=InnoDB DEFAULT CHARSET=utf8;

--
-- Dumping data for table `tb_inv_dapur`
--

INSERT INTO `tb_inv_dapur` (`inv_id`, `inv_stok`, `inv_expired`, `inv_harga`, `item_id`, `created`) VALUES
(1, 2, '2016-10-11', 800, 9, '2016-10-09 19:02:22'),
(2, 10, '2016-10-12', 800, 9, '2016-10-09 17:04:05'),
(3, 10, '2016-10-13', 800, 4, '2016-10-09 17:04:52'),
(4, 20, '2016-10-14', 2000, 1, '2016-10-09 17:05:09'),
(5, 5, '2016-10-13', 2000, 11, '2016-10-09 17:05:28'),
(6, 10, '2016-10-15', 800, 2, '2016-10-09 17:34:34');

-- --------------------------------------------------------

--
-- Table structure for table `tb_item_promo`
--

CREATE TABLE `tb_item_promo` (
  `item_promo_id` bigint(20) NOT NULL,
  `item_promo_qty` int(11) NOT NULL,
  `item_promo_free` int(11) NOT NULL,
  `item_promo_date_start` date NOT NULL,
  `item_promo_date_end` date NOT NULL,
  `item_id` int(11) NOT NULL,
  `outlet_id` int(11) NOT NULL,
  `created` timestamp NOT NULL DEFAULT CURRENT_TIMESTAMP ON UPDATE CURRENT_TIMESTAMP
) ENGINE=InnoDB DEFAULT CHARSET=utf8;

--
-- Dumping data for table `tb_item_promo`
--

INSERT INTO `tb_item_promo` (`item_promo_id`, `item_promo_qty`, `item_promo_free`, `item_promo_date_start`, `item_promo_date_end`, `item_id`, `outlet_id`, `created`) VALUES
(1, 20, 1, '2016-08-20', '2016-08-31', 4, 1, '2016-08-31 15:42:05'),
(2, 10, 2, '2016-08-20', '2016-08-31', 8, 2, '2016-08-31 15:42:08'),
(3, 20, 2, '2016-08-31', '2016-09-10', 4, 2, '2016-08-31 15:56:01');

-- --------------------------------------------------------

--
-- Table structure for table `tb_kredit`
--

CREATE TABLE `tb_kredit` (
  `kd_id` int(11) NOT NULL,
  `dp` bigint(20) NOT NULL DEFAULT '0',
  `jumlah_hutang` bigint(20) NOT NULL DEFAULT '0',
  `tanggal` date DEFAULT NULL,
  `jatuh_tempo` date DEFAULT NULL,
  `customer_id` int(11) NOT NULL,
  `created` timestamp NOT NULL ON UPDATE CURRENT_TIMESTAMP
) ENGINE=InnoDB DEFAULT CHARSET=utf8;

-- --------------------------------------------------------

--
-- Table structure for table `tb_login_attempts`
--

CREATE TABLE `tb_login_attempts` (
  `id` int(11) UNSIGNED NOT NULL,
  `ip_address` varchar(15) NOT NULL,
  `login` varchar(100) NOT NULL,
  `time` int(11) UNSIGNED DEFAULT NULL
) ENGINE=InnoDB DEFAULT CHARSET=utf8;

-- --------------------------------------------------------

--
-- Table structure for table `tb_master_bahan`
--

CREATE TABLE `tb_master_bahan` (
  `master_bahan_id` int(11) NOT NULL,
  `master_bahan_name` varchar(200) NOT NULL,
  `master_bahan_desc` text NOT NULL,
  `master_bahan_kategori` int(11) NOT NULL,
  `konversi` int(11) NOT NULL,
  `harga` int(11) NOT NULL,
  `satuan_kecil` varchar(20) NOT NULL,
  `satuan_besar` varchar(20) NOT NULL,
  `stok` int(11) NOT NULL,
  `stok_sisa` int(11) NOT NULL,
  `created` timestamp NOT NULL DEFAULT CURRENT_TIMESTAMP ON UPDATE CURRENT_TIMESTAMP
) ENGINE=InnoDB DEFAULT CHARSET=utf8;

--
-- Dumping data for table `tb_master_bahan`
--

INSERT INTO `tb_master_bahan` (`master_bahan_id`, `master_bahan_name`, `master_bahan_desc`, `master_bahan_kategori`, `konversi`, `harga`, `satuan_kecil`, `satuan_besar`, `stok`, `stok_sisa`, `created`) VALUES
(1, 'Tepung', '', 1, 50, 100000, 'kg', 'sak', 9, 46, '2016-10-09 17:05:28'),
(2, 'Gula Pasir', '', 1, 30, 200000, 'kg', 'sak', 4, 25, '2016-10-09 17:05:28'),
(3, 'Gula Merah', '', 1, 30, 300000, 'kg', 'sak', 10, 23, '2016-10-09 17:34:33'),
(4, 'Telur', '', 1, 20, 15000, 'butir', 'pack', 9, 5, '2016-10-09 17:34:33');

-- --------------------------------------------------------

--
-- Table structure for table `tb_master_category`
--

CREATE TABLE `tb_master_category` (
  `master_category_id` int(11) NOT NULL,
  `master_category_name` varchar(100) NOT NULL,
  `master_category_desc` text NOT NULL,
  `created` timestamp NOT NULL DEFAULT CURRENT_TIMESTAMP
) ENGINE=InnoDB DEFAULT CHARSET=utf8;

--
-- Dumping data for table `tb_master_category`
--

INSERT INTO `tb_master_category` (`master_category_id`, `master_category_name`, `master_category_desc`, `created`) VALUES
(1, 'Bahan', 'Kategori Bahan', '2016-05-26 01:02:34'),
(2, 'Jasa', 'Kategori Jasa', '2016-05-26 01:02:43'),
(3, 'Konsinyasi', 'Kaategori Konsinyasi', '2016-06-28 23:30:06'),
(17, 'Bahan Pelengkap', '', '2016-06-29 22:34:54'),
(18, 'Minuman', '', '2016-06-29 22:35:05'),
(19, 'Perlengkapan', '', '2016-06-29 22:35:20'),
(20, 'Produk Jadi', '', '2016-06-29 22:35:33'),
(21, 'Produk Roti', '', '2016-06-29 22:35:52'),
(22, 'Retail', 'Retail ( Ada orang menitipkan barang )', '2016-06-29 22:36:15');

-- --------------------------------------------------------

--
-- Table structure for table `tb_master_item`
--

CREATE TABLE `tb_master_item` (
  `item_id` int(11) NOT NULL,
  `item_name` varchar(255) NOT NULL,
  `item_disc` int(11) NOT NULL,
  `item_satuan` int(11) NOT NULL,
  `item_category` int(11) NOT NULL,
  `item_jenis` int(11) NOT NULL,
  `item_harga` int(11) NOT NULL,
  `item_stok` int(11) NOT NULL,
  `item_stok_tidak_laku` int(11) NOT NULL,
  `item_stok_roti_diskon` int(11) NOT NULL,
  `item_stok_retur` int(11) NOT NULL,
  `created` timestamp NOT NULL ON UPDATE CURRENT_TIMESTAMP,
  `item_harga_outlet` int(11) NOT NULL
) ENGINE=InnoDB DEFAULT CHARSET=utf8;

--
-- Dumping data for table `tb_master_item`
--

INSERT INTO `tb_master_item` (`item_id`, `item_name`, `item_disc`, `item_satuan`, `item_category`, `item_jenis`, `item_harga`, `item_stok`, `item_stok_tidak_laku`, `item_stok_roti_diskon`, `item_stok_retur`, `created`, `item_harga_outlet`) VALUES
(1, 'KESET MOLEN', 0, 4, 21, 6, 1000, 0, 0, 0, 0, '2016-10-09 19:56:50', 0),
(2, 'TUNA ROLL', 0, 4, 21, 9, 2000, 0, 0, 0, 0, '2016-10-09 20:03:16', 0),
(3, 'ROTI ABON SAPI', 0, 4, 21, 5, 3000, 30, 0, 0, 0, '2016-10-09 20:02:12', 0),
(4, 'KELAPA PANDAN SRIKAYA', 0, 4, 21, 6, 4000, 100, 0, 0, 0, '2016-10-09 19:56:32', 0),
(5, 'ONTBIJKOEK', 0, 4, 21, 5, 1500, 0, 0, 0, 0, '2016-10-09 20:01:25', 0),
(6, 'SANDWICH TUNA', 0, 4, 21, 10, 2500, 0, 0, 0, 0, '2016-10-09 20:03:01', 0),
(7, 'ROTI SSM DUS', 0, 4, 21, 5, 5000, 0, 0, 0, 0, '2016-10-09 20:02:47', 0),
(8, 'ONTBIJKOEK PTG', 0, 4, 21, 10, 4000, 0, 0, 0, 0, '2016-10-09 20:01:36', 0),
(9, 'CAKE BREAD KERING', 0, 4, 21, 10, 3000, 50, 0, 0, 0, '2016-10-09 20:01:18', 0),
(11, 'RAISIN ROLL', 0, 2, 21, 6, 50000, 0, 0, 0, 0, '2016-10-09 20:01:45', 0),
(36, 'RETAIL ROTI', 0, 2, 22, 10, 3000, 0, 0, 0, 0, '2016-10-09 20:01:58', 0),
(37, 'ROTI BARU', 0, 1, 21, 8, 2000, 0, 0, 0, 0, '2016-10-09 20:02:21', 0);

-- --------------------------------------------------------

--
-- Table structure for table `tb_master_jenis`
--

CREATE TABLE `tb_master_jenis` (
  `master_jenis_id` int(11) NOT NULL,
  `master_jenis_name` varchar(100) NOT NULL,
  `master_jenis_desc` text NOT NULL,
  `created` timestamp NOT NULL DEFAULT CURRENT_TIMESTAMP
) ENGINE=InnoDB DEFAULT CHARSET=utf8;

--
-- Dumping data for table `tb_master_jenis`
--

INSERT INTO `tb_master_jenis` (`master_jenis_id`, `master_jenis_name`, `master_jenis_desc`, `created`) VALUES
(1, 'Bahan Baku', '', '2016-06-29 22:36:44'),
(2, 'Bahan Pelengkap', '', '2016-06-29 22:37:02'),
(3, 'Minuman', '', '2016-06-29 22:37:16'),
(4, 'Ice Cream', '', '2016-06-29 22:37:28'),
(5, 'Kue Basah', '', '2016-06-29 22:37:35'),
(6, 'Kue Kering', '', '2016-06-29 22:37:42'),
(7, 'Puding', '', '2016-06-29 22:38:11'),
(8, 'Roti Manis', '', '2016-06-29 22:38:21'),
(9, 'Cake', '', '2016-06-29 22:38:29'),
(10, 'Donat', '', '2016-06-29 22:38:44');

-- --------------------------------------------------------

--
-- Table structure for table `tb_master_outlet`
--

CREATE TABLE `tb_master_outlet` (
  `master_outlet_id` int(11) NOT NULL,
  `master_outlet_name` varchar(100) NOT NULL,
  `master_outlet_desc` text NOT NULL,
  `created` timestamp NOT NULL DEFAULT CURRENT_TIMESTAMP
) ENGINE=InnoDB DEFAULT CHARSET=utf8;

--
-- Dumping data for table `tb_master_outlet`
--

INSERT INTO `tb_master_outlet` (`master_outlet_id`, `master_outlet_name`, `master_outlet_desc`, `created`) VALUES
(1, 'Surabaya 001', '', '2016-06-30 17:05:14'),
(2, 'Surabaya 002', '', '2016-06-30 17:05:25'),
(3, 'Jakarta 001', '', '2016-06-30 17:11:22'),
(4, 'Jakarta 002', '', '2016-06-30 17:11:33');

-- --------------------------------------------------------

--
-- Table structure for table `tb_master_satuan`
--

CREATE TABLE `tb_master_satuan` (
  `master_satuan_id` int(11) NOT NULL,
  `master_satuan_name` varchar(100) NOT NULL,
  `master_satuan_desc` text NOT NULL,
  `created` timestamp NOT NULL DEFAULT CURRENT_TIMESTAMP
) ENGINE=InnoDB DEFAULT CHARSET=utf8;

--
-- Dumping data for table `tb_master_satuan`
--

INSERT INTO `tb_master_satuan` (`master_satuan_id`, `master_satuan_name`, `master_satuan_desc`, `created`) VALUES
(1, 'Kilogram', 'satuan kilogram', '2016-05-22 07:02:23'),
(2, 'Ons', 'satuan ons', '2016-05-22 07:03:48'),
(3, 'Gram', 'satuan gram', '2016-05-22 07:03:59'),
(4, 'Pcs', 'Pcs desc', '2016-05-29 09:18:28');

-- --------------------------------------------------------

--
-- Table structure for table `tb_mutasi`
--

CREATE TABLE `tb_mutasi` (
  `mutasi_id` bigint(20) NOT NULL,
  `mutasi_date` datetime NOT NULL,
  `mutasi_status` enum('YA','TIDAK') NOT NULL DEFAULT 'TIDAK',
  `mutasi_to` int(11) NOT NULL,
  `mutasi_from` int(11) NOT NULL,
  `mutasi_total` int(11) NOT NULL,
  `user_id` int(11) NOT NULL,
  `mutasi_desc` varchar(255) DEFAULT NULL,
  `created` timestamp NOT NULL DEFAULT CURRENT_TIMESTAMP ON UPDATE CURRENT_TIMESTAMP
) ENGINE=InnoDB DEFAULT CHARSET=utf8;

--
-- Dumping data for table `tb_mutasi`
--

INSERT INTO `tb_mutasi` (`mutasi_id`, `mutasi_date`, `mutasi_status`, `mutasi_to`, `mutasi_from`, `mutasi_total`, `user_id`, `mutasi_desc`, `created`) VALUES
(1, '2016-10-11 00:08:56', 'YA', 3, 1, 50000, 1, 'ke jakarta', '2016-10-10 17:09:21');

-- --------------------------------------------------------

--
-- Table structure for table `tb_mutasi_dapur`
--

CREATE TABLE `tb_mutasi_dapur` (
  `mutasi_dapur_id` int(11) NOT NULL,
  `outlet_id` int(11) NOT NULL,
  `user_id` int(11) NOT NULL,
  `total` int(11) NOT NULL,
  `disetujui` enum('YA','TIDAK','DITOLAK') NOT NULL DEFAULT 'TIDAK',
  `keterangan` varchar(200) DEFAULT NULL,
  `diskon_nota` int(11) DEFAULT NULL,
  `biaya_lain` int(11) NOT NULL,
  `created` timestamp NOT NULL DEFAULT CURRENT_TIMESTAMP ON UPDATE CURRENT_TIMESTAMP
) ENGINE=InnoDB DEFAULT CHARSET=utf8;

--
-- Dumping data for table `tb_mutasi_dapur`
--

INSERT INTO `tb_mutasi_dapur` (`mutasi_dapur_id`, `outlet_id`, `user_id`, `total`, `disetujui`, `keterangan`, `diskon_nota`, `biaya_lain`, `created`) VALUES
(1, 3, 1, 40000, '', 'ketrangan mutasi dapur', 0, 0, '2016-10-06 02:59:52'),
(2, 1, 1, 40000, 'TIDAK', 'tgl 12 expired lho', 0, 0, '2016-10-07 12:15:29'),
(3, 2, 1, 60000, 'YA', '', 0, 0, '2016-10-07 12:19:33'),
(4, 3, 1, 1600, 'TIDAK', '', 0, 0, '2016-10-09 19:02:22');

-- --------------------------------------------------------

--
-- Table structure for table `tb_mutasi_dapur_detail`
--

CREATE TABLE `tb_mutasi_dapur_detail` (
  `mutasi_dapur_detail_id` int(11) NOT NULL,
  `mutasi_dapur_id` int(11) NOT NULL,
  `item_id` int(11) NOT NULL,
  `harga` int(11) NOT NULL,
  `jumlah` int(11) NOT NULL,
  `subtotal` int(11) NOT NULL,
  `diskon` int(11) DEFAULT NULL,
  `expired` date NOT NULL,
  `created` timestamp NOT NULL DEFAULT CURRENT_TIMESTAMP ON UPDATE CURRENT_TIMESTAMP
) ENGINE=InnoDB DEFAULT CHARSET=utf8;

--
-- Dumping data for table `tb_mutasi_dapur_detail`
--

INSERT INTO `tb_mutasi_dapur_detail` (`mutasi_dapur_detail_id`, `mutasi_dapur_id`, `item_id`, `harga`, `jumlah`, `subtotal`, `diskon`, `expired`, `created`) VALUES
(1, 1, 4, 4000, 10, 40000, 0, '0000-00-00', '2016-10-06 02:59:53'),
(2, 2, 4, 4000, 10, 40000, 0, '0000-00-00', '2016-10-07 11:34:57'),
(3, 3, 37, 2000, 30, 60000, 0, '0000-00-00', '2016-10-07 12:19:18'),
(4, 4, 9, 800, 2, 1600, 0, '2016-10-11', '2016-10-09 19:02:22');

-- --------------------------------------------------------

--
-- Table structure for table `tb_mutasi_detail`
--

CREATE TABLE `tb_mutasi_detail` (
  `mutasi_detail_id` bigint(20) NOT NULL,
  `mutasi_id` bigint(20) NOT NULL,
  `item_id` int(11) NOT NULL,
  `mutasi_detail_qty` int(11) NOT NULL DEFAULT '1',
  `mutasi_detail_total` int(11) NOT NULL,
  `mutasi_detail_price` int(11) NOT NULL,
  `expired` date NOT NULL,
  `created` timestamp NOT NULL DEFAULT CURRENT_TIMESTAMP ON UPDATE CURRENT_TIMESTAMP
) ENGINE=InnoDB DEFAULT CHARSET=utf8;

--
-- Dumping data for table `tb_mutasi_detail`
--

INSERT INTO `tb_mutasi_detail` (`mutasi_detail_id`, `mutasi_id`, `item_id`, `mutasi_detail_qty`, `mutasi_detail_total`, `mutasi_detail_price`, `expired`, `created`) VALUES
(1, 1, 7, 10, 50000, 5000, '2016-10-15', '2016-10-10 17:08:56');

-- --------------------------------------------------------

--
-- Table structure for table `tb_notification`
--

CREATE TABLE `tb_notification` (
  `notification_id` bigint(20) NOT NULL,
  `notification_type` varchar(50) CHARACTER SET utf8 NOT NULL,
  `notification_user` bigint(20) NOT NULL,
  `notification_parent` bigint(20) NOT NULL,
  `notification_link` varchar(100) NOT NULL,
  `notification_desc` tinytext CHARACTER SET utf8 NOT NULL,
  `notification_status` varchar(10) CHARACTER SET utf8 NOT NULL,
  `notification_icon` varchar(50) CHARACTER SET utf8 NOT NULL,
  `notification_date` timestamp NOT NULL DEFAULT CURRENT_TIMESTAMP
) ENGINE=InnoDB DEFAULT CHARSET=latin1;

--
-- Dumping data for table `tb_notification`
--

INSERT INTO `tb_notification` (`notification_id`, `notification_type`, `notification_user`, `notification_parent`, `notification_link`, `notification_desc`, `notification_status`, `notification_icon`, `notification_date`) VALUES
(1, 'timeline', 1, 10, 'javascript:void(0)', 'Delete data ', 'inactive', 'delete', '2016-06-29 21:30:50'),
(2, 'timeline', 1, 14, 'cms/users/index/edit/14', 'Update data ', 'inactive', 'update', '2016-06-29 21:39:50'),
(3, 'timeline', 1, 13, 'cms/users/index/edit/13', 'Update data ', 'inactive', 'update', '2016-06-29 21:40:07'),
(4, 'timeline', 1, 1, 'cms/users/index/edit/1', 'Update data ', 'inactive', 'update', '2016-06-30 00:01:18'),
(5, 'timeline', 1, 6, 'cms/users/index/edit/6', 'Update data ', 'inactive', 'update', '2016-06-30 00:01:47'),
(6, 'timeline', 1, 11, 'cms/users/index/edit/11', 'Update data ', 'inactive', 'update', '2016-06-30 00:02:00'),
(7, 'timeline', 1, 12, 'cms/users/index/edit/12', 'Update data ', 'inactive', 'update', '2016-06-30 00:02:13'),
(8, 'timeline', 1, 13, 'cms/users/index/edit/13', 'Update data ', 'inactive', 'update', '2016-06-30 00:02:23'),
(9, 'timeline', 1, 14, 'cms/users/index/edit/14', 'Update data ', 'inactive', 'update', '2016-06-30 00:02:29'),
(10, 'timeline', 1, 14, 'javascript:void(0)', 'Delete data ', 'inactive', 'delete', '2016-06-30 00:02:33'),
(11, 'timeline', 1, 1, 'cms/users/index/edit/1', 'Update data ', 'inactive', 'update', '2016-06-30 00:10:34'),
(12, 'timeline', 1, 6, 'cms/users/index/edit/6', 'Update data ', 'inactive', 'update', '2016-06-30 00:10:48'),
(13, 'timeline', 1, 11, 'cms/users/index/edit/11', 'Update data ', 'inactive', 'update', '2016-06-30 00:10:56'),
(14, 'timeline', 1, 12, 'cms/users/index/edit/12', 'Update data ', 'inactive', 'update', '2016-06-30 00:11:04'),
(15, 'timeline', 1, 13, 'cms/users/index/edit/13', 'Update data ', 'inactive', 'update', '2016-06-30 00:11:11'),
(16, 'timeline', 1, 1, 'cms/users/index/edit/1', 'Update data ', 'inactive', 'update', '2016-06-30 00:54:13'),
(17, 'timeline', 1, 1, 'cms/users/index/edit/1', 'Update data ', 'inactive', 'update', '2016-06-30 01:48:40'),
(18, 'timeline', 1, 6, 'cms/users/index/edit/6', 'Update data ', 'inactive', 'update', '2016-06-30 01:48:46'),
(19, 'timeline', 1, 11, 'cms/users/index/edit/11', 'Update data ', 'inactive', 'update', '2016-06-30 01:48:53'),
(20, 'timeline', 1, 12, 'cms/users/index/edit/12', 'Update data ', 'inactive', 'update', '2016-06-30 01:49:01'),
(21, 'timeline', 1, 13, 'cms/users/index/edit/13', 'Update data ', 'inactive', 'update', '2016-06-30 01:49:09'),
(22, 'timeline', 1, 13, 'javascript:void(0)', 'Delete data ', 'inactive', 'delete', '2016-06-30 10:31:13'),
(23, 'timeline', 1, 12, 'javascript:void(0)', 'Delete data ', 'inactive', 'delete', '2016-06-30 10:31:16'),
(24, 'timeline', 1, 11, 'cms/users/index/edit/11', 'Update data ', 'inactive', 'update', '2016-06-30 10:33:23'),
(25, 'timeline', 1, 11, 'cms/users/index/edit/11', 'Update data ', 'inactive', 'update', '2016-06-30 10:33:43'),
(26, 'timeline', 1, 6, 'cms/users/index/edit/6', 'Update data ', 'inactive', 'update', '2016-06-30 10:33:50'),
(27, 'timeline', 1, 1, 'cms/users/index/edit/1', 'Update data ', 'inactive', 'update', '2016-06-30 10:33:58'),
(28, 'timeline', 1, 1, 'cms/users/index/edit/1', 'Update data ', 'inactive', 'update', '2016-06-30 17:10:56'),
(29, 'timeline', 1, 6, 'cms/users/index/edit/6', 'Update data ', 'inactive', 'update', '2016-06-30 17:11:03'),
(30, 'timeline', 1, 11, 'cms/users/index/edit/11', 'Update data ', 'inactive', 'update', '2016-06-30 17:11:53'),
(31, 'timeline', 1, 6, 'cms/users/index/edit/6', 'Update data ', 'inactive', 'update', '2016-06-30 18:59:53'),
(32, 'timeline', 1, 1, 'cms/users/index/edit/1', 'Update data ', 'inactive', 'update', '2016-06-30 19:17:35'),
(33, 'timeline', 1, 1, 'cms/users/index/edit/1', 'Update data ', 'inactive', 'update', '2016-07-01 01:21:01'),
(34, 'timeline', 1, 12, 'cms/users/index/edit/12', 'Add new data ', 'inactive', 'add', '2016-07-27 17:02:46'),
(35, 'timeline', 1, 12, 'javascript:void(0)', 'Delete data ', 'inactive', 'delete', '2016-07-27 17:03:02'),
(36, 'timeline', 1, 12, 'cms/users/index/edit/12', 'Add new data ', 'inactive', 'add', '2016-08-05 13:24:04'),
(37, 'timeline', 1, 12, 'cms/users/index/edit/12', 'Update data ', 'inactive', 'update', '2016-08-05 13:25:04'),
(38, 'timeline', 1, 12, 'cms/users/index/edit/12', 'Update data ', 'inactive', 'update', '2016-08-07 03:21:26'),
(39, 'timeline', 1, 12, 'cms/users/index/edit/12', 'Update data ', 'inactive', 'update', '2016-08-07 03:23:06'),
(40, 'timeline', 1, 1, 'cms/customers/1', 'Tambah Customer', 'inactive', 'add', '2016-10-09 07:58:12'),
(41, 'timeline', 1, 1, 'cms/customers/1', 'Tambah Customer', 'inactive', 'add', '2016-10-09 07:58:36'),
(42, 'timeline', 1, 1, 'cms/customers/index/edit/1', 'admin Tambah Customer', 'inactive', 'add', '2016-10-09 08:03:33'),
(43, 'timeline', 1, 1, 'cms/customers/index/edit/1', 'Tambah Customer', 'inactive', 'add', '2016-10-09 08:03:54'),
(44, 'timeline', 1, 1, 'cms/customers/index/edit/1', 'Tambah Customer', 'inactive', 'add', '2016-10-09 08:04:32'),
(45, 'timeline', 12, 1, 'cms/customers/index/edit/1', 'Tambah Customer', 'inactive', 'add', '2016-10-09 08:18:54'),
(46, 'timeline', 1, 1, 'cms/customers/index/edit/1', 'general Tambah Customer', 'inactive', 'add', '2016-10-09 08:18:54'),
(47, 'timeline', 1, 1, 'cms/customers/index/edit/1', 'Tambah Customer', 'inactive', 'add', '2016-10-09 08:19:37'),
(48, 'timeline', 1, 1, 'cms/customers/index/edit/1', 'Tambah Customer', 'inactive', 'add', '2016-10-09 08:20:54');

-- --------------------------------------------------------

--
-- Table structure for table `tb_order`
--

CREATE TABLE `tb_order` (
  `order_id` bigint(20) NOT NULL,
  `order_pay` int(11) NOT NULL,
  `order_total` int(11) NOT NULL,
  `order_address` varchar(255) NOT NULL,
  `order_discount` int(11) NOT NULL,
  `order_date` datetime NOT NULL,
  `order_lunas` enum('ya','tidak') NOT NULL DEFAULT 'tidak',
  `order_note` text NOT NULL,
  `order_type` enum('CASH','KREDIT','GIRO') NOT NULL DEFAULT 'CASH',
  `order_kirim` datetime NOT NULL,
  `customer_id` int(11) NOT NULL,
  `outlet_id` int(11) NOT NULL,
  `user_id` int(11) NOT NULL,
  `created` timestamp NOT NULL
) ENGINE=InnoDB DEFAULT CHARSET=utf8;

--
-- Dumping data for table `tb_order`
--

INSERT INTO `tb_order` (`order_id`, `order_pay`, `order_total`, `order_address`, `order_discount`, `order_date`, `order_lunas`, `order_note`, `order_type`, `order_kirim`, `customer_id`, `outlet_id`, `user_id`, `created`) VALUES
(2, 200000, 186500, 'jogja', 0, '2016-07-31 16:26:05', 'ya', '', 'CASH', '2016-08-04 16:00:00', 2, 1, 1, '2016-07-31 09:26:05'),
(3, 200000, 179000, 'bandung', 0, '2016-08-31 16:27:45', 'ya', '', 'KREDIT', '2016-08-06 17:00:00', 3, 1, 1, '2016-07-31 09:27:45'),
(4, 50000, 27000, 'surabaya', 0, '2016-08-22 16:29:17', 'ya', '', 'CASH', '2016-08-05 13:00:00', 1, 1, 1, '2016-07-31 09:29:17'),
(5, 20000, 37500, 'jogja', 0, '2016-09-01 03:53:59', 'tidak', 'dikirim dan jangan telat', 'KREDIT', '2016-09-06 10:00:00', 2, 1, 1, '2016-08-31 20:53:59'),
(6, 5400, 5400, 'semarang', 0, '2016-09-01 04:12:30', 'ya', '', 'CASH', '2016-09-01 06:10:00', 1, 1, 1, '2016-08-31 21:12:30'),
(7, 40000, 36000, 'jogja', 0, '2016-09-02 00:34:57', 'tidak', 'tes pesan', 'KREDIT', '2016-09-14 00:00:00', 1, 1, 1, '2016-09-01 17:34:57'),
(8, 29000, 29000, 'jogja', 0, '2016-09-02 06:28:06', 'ya', 'keterangan', 'KREDIT', '2016-09-14 10:00:00', 3, 1, 1, '2016-09-01 23:28:06'),
(9, 160000, 160000, 'alaamt', 0, '2016-10-07 17:44:10', 'ya', 'ket', 'CASH', '2016-10-10 14:00:00', 1, 1, 1, '2016-10-07 10:44:10'),
(10, 1500, 1500, 'jogja', 0, '2016-10-10 11:19:36', 'ya', 'keterangan', 'CASH', '2016-10-10 11:15:00', 1, 1, 1, '2016-10-10 04:19:36'),
(11, 3000, 3000, 'eweweewewq', 0, '2016-10-10 11:21:09', 'ya', '', 'CASH', '2016-10-14 00:00:00', 1, 1, 1, '2016-10-10 04:21:09'),
(12, 300, 300, 'dsaddsad', 0, '2016-10-10 11:23:44', 'ya', '', 'CASH', '2016-10-15 00:00:00', 1, 1, 1, '2016-10-10 04:23:44'),
(13, 3500, 3500, 'karangmalang', 0, '2016-10-11 00:14:06', 'ya', '', 'CASH', '2016-10-13 14:00:00', 2, 1, 1, '2016-10-10 17:14:06');

-- --------------------------------------------------------

--
-- Table structure for table `tb_order_dapur`
--

CREATE TABLE `tb_order_dapur` (
  `order_dapur_id` bigint(20) NOT NULL,
  `order_dapur_date` datetime NOT NULL,
  `order_dapur_tgl_butuh` datetime NOT NULL,
  `order_dapur_status` enum('belum','ok') NOT NULL,
  `order_dapur_tgl_terima` datetime NOT NULL,
  `order_dapur_jumlah` int(11) NOT NULL,
  `order_dapur_jumlah_kirim` int(11) NOT NULL,
  `order_dapur_jumlah_terima` int(11) NOT NULL,
  `item_id` int(11) NOT NULL,
  `outlet_id` int(11) NOT NULL,
  `created` timestamp NOT NULL DEFAULT CURRENT_TIMESTAMP
) ENGINE=InnoDB DEFAULT CHARSET=utf8;

-- --------------------------------------------------------

--
-- Table structure for table `tb_order_detail`
--

CREATE TABLE `tb_order_detail` (
  `order_detail_id` bigint(20) NOT NULL,
  `order_detail_price` bigint(20) NOT NULL,
  `order_detail_qty` int(11) NOT NULL,
  `order_detail_disc` bigint(20) NOT NULL,
  `order_detail_total` bigint(20) NOT NULL,
  `item_id` int(11) NOT NULL,
  `order_id` bigint(20) NOT NULL,
  `expired` date NOT NULL,
  `created` timestamp NOT NULL DEFAULT CURRENT_TIMESTAMP ON UPDATE CURRENT_TIMESTAMP
) ENGINE=InnoDB DEFAULT CHARSET=utf8;

--
-- Dumping data for table `tb_order_detail`
--

INSERT INTO `tb_order_detail` (`order_detail_id`, `order_detail_price`, `order_detail_qty`, `order_detail_disc`, `order_detail_total`, `item_id`, `order_id`, `expired`, `created`) VALUES
(1, 7500, 28, 0, 210000, 4, 1, '0000-00-00', '2016-07-31 09:13:07'),
(2, 12500, 12, 0, 150000, 9, 1, '0000-00-00', '2016-07-31 09:13:07'),
(3, 9500, 3, 0, 28500, 3, 1, '0000-00-00', '2016-07-31 09:13:07'),
(4, 20000, 1, 0, 20000, 11, 1, '0000-00-00', '2016-07-31 09:13:07'),
(5, 33000, 4, 0, 132000, 7, 2, '0000-00-00', '2016-07-31 09:26:05'),
(6, 23500, 2, 0, 47000, 5, 2, '0000-00-00', '2016-07-31 09:26:05'),
(7, 7500, 1, 0, 7500, 4, 2, '0000-00-00', '2016-07-31 09:26:05'),
(8, 33000, 4, 0, 132000, 7, 3, '0000-00-00', '2016-07-31 09:27:45'),
(9, 23500, 2, 0, 47000, 5, 3, '0000-00-00', '2016-07-31 09:27:45'),
(10, 20000, 1, 0, 20000, 11, 4, '0000-00-00', '2016-07-31 09:29:17'),
(11, 3500, 2, 0, 7000, 8, 4, '0000-00-00', '2016-07-31 09:29:17'),
(12, 3000, 10, 0, 30000, 1, 5, '0000-00-00', '2016-08-31 20:53:59'),
(13, 1500, 5, 0, 7500, 2, 5, '0000-00-00', '2016-08-31 20:53:59'),
(14, 3000, 2, 10, 5400, 1, 6, '0000-00-00', '2016-08-31 21:12:30'),
(15, 9000, 4, 0, 36000, 3, 7, '0000-00-00', '2016-09-01 17:34:57'),
(16, 4000, 1, 0, 4000, 37, 8, '0000-00-00', '2016-09-01 23:28:06'),
(17, 9000, 1, 0, 9000, 3, 8, '0000-00-00', '2016-09-01 23:28:06'),
(18, 8000, 2, 0, 16000, 4, 8, '0000-00-00', '2016-09-01 23:28:06'),
(19, 8000, 20, 0, 160000, 4, 9, '0000-00-00', '2016-10-07 10:44:10'),
(20, 300, 5, 0, 1500, 9, 10, '0000-00-00', '2016-10-10 04:19:36'),
(21, 300, 10, 0, 3000, 9, 11, '0000-00-00', '2016-10-10 04:21:09'),
(22, 300, 1, 0, 300, 9, 12, '0000-00-00', '2016-10-10 04:23:45'),
(23, 700, 5, 0, 3500, 4, 13, '0000-00-00', '2016-10-10 17:14:06');

-- --------------------------------------------------------

--
-- Table structure for table `tb_pembelian_bahan`
--

CREATE TABLE `tb_pembelian_bahan` (
  `id` int(11) NOT NULL,
  `total` int(11) DEFAULT NULL,
  `tanggal` date DEFAULT NULL,
  `user_id` int(11) DEFAULT NULL,
  `created` timestamp NOT NULL ON UPDATE CURRENT_TIMESTAMP,
  `keterangan` varchar(255) DEFAULT NULL
) ENGINE=InnoDB DEFAULT CHARSET=utf8;

--
-- Dumping data for table `tb_pembelian_bahan`
--

INSERT INTO `tb_pembelian_bahan` (`id`, `total`, `tanggal`, `user_id`, `created`, `keterangan`) VALUES
(1, 900000, '2016-10-02', 1, '2016-10-02 05:21:59', 'belanja bahan mentah'),
(6, 1900000, '2016-10-07', 1, '2016-10-07 12:36:33', ''),
(7, 2000000, '2016-10-07', 1, '2016-10-07 12:37:12', ''),
(8, 300000, '2016-10-09', 1, '2016-10-09 15:28:03', '');

-- --------------------------------------------------------

--
-- Table structure for table `tb_pembelian_bahan_detail`
--

CREATE TABLE `tb_pembelian_bahan_detail` (
  `id` int(11) NOT NULL,
  `pembelian_bahan_id` int(11) DEFAULT NULL,
  `bahan_id` int(11) DEFAULT NULL,
  `harga` int(11) DEFAULT NULL,
  `jumlah` int(11) DEFAULT NULL,
  `total` int(11) DEFAULT NULL,
  `created` timestamp NOT NULL DEFAULT CURRENT_TIMESTAMP ON UPDATE CURRENT_TIMESTAMP
) ENGINE=InnoDB DEFAULT CHARSET=utf8;

--
-- Dumping data for table `tb_pembelian_bahan_detail`
--

INSERT INTO `tb_pembelian_bahan_detail` (`id`, `pembelian_bahan_id`, `bahan_id`, `harga`, `jumlah`, `total`, `created`) VALUES
(1, 1, 3, 300000, 1, 300000, '2016-10-02 05:22:00'),
(2, 1, 4, 200000, 1, 200000, '2016-10-02 05:22:00'),
(3, 1, 2, 200000, 2, 400000, '2016-10-02 05:22:00'),
(4, 4, 3, 300000, 5, 1500000, '2016-10-07 12:35:26'),
(5, 4, 1, 100000, 5, 500000, '2016-10-07 12:35:26'),
(6, 5, 3, 300000, 3, 900000, '2016-10-07 12:35:46'),
(7, 5, 1, 100000, 5, 500000, '2016-10-07 12:35:46'),
(8, 6, 3, 300000, 3, 900000, '2016-10-07 12:36:33'),
(9, 6, 2, 200000, 5, 1000000, '2016-10-07 12:36:33'),
(10, 7, 4, 200000, 10, 2000000, '2016-10-07 12:37:12'),
(11, 8, 3, 300000, 1, 300000, '2016-10-09 15:28:03');

-- --------------------------------------------------------

--
-- Table structure for table `tb_pesanan`
--

CREATE TABLE `tb_pesanan` (
  `pesanan_id` bigint(20) NOT NULL,
  `customer_id` int(11) NOT NULL,
  `pesanan_nota` char(10) NOT NULL,
  `pesanan_alamat` text NOT NULL,
  `pesanan_tgl_kirim` datetime NOT NULL,
  `pesanan_od` enum('0','1') NOT NULL,
  `pesanan_kirim` enum('0','1') NOT NULL,
  `pesanan_lunas` enum('0','1') NOT NULL,
  `pesanan_total` int(11) NOT NULL,
  `pesanan_bayar` int(11) NOT NULL,
  `pesanan_uangmuka` int(11) NOT NULL,
  `pesanan_pelunasan` int(11) NOT NULL,
  `outlet_id` int(11) NOT NULL,
  `created` timestamp NOT NULL DEFAULT CURRENT_TIMESTAMP
) ENGINE=InnoDB DEFAULT CHARSET=utf8;

-- --------------------------------------------------------

--
-- Table structure for table `tb_resep`
--

CREATE TABLE `tb_resep` (
  `resep_id` int(11) NOT NULL,
  `tanggal` date NOT NULL,
  `keterangan` varchar(200) DEFAULT NULL,
  `jumlah_produksi` int(11) NOT NULL,
  `item_id` int(11) NOT NULL,
  `biaya_total` int(11) NOT NULL,
  `user_id` int(11) NOT NULL,
  `expired` date NOT NULL,
  `created` timestamp NOT NULL DEFAULT CURRENT_TIMESTAMP ON UPDATE CURRENT_TIMESTAMP
) ENGINE=InnoDB DEFAULT CHARSET=utf8;

--
-- Dumping data for table `tb_resep`
--

INSERT INTO `tb_resep` (`resep_id`, `tanggal`, `keterangan`, `jumlah_produksi`, `item_id`, `biaya_total`, `user_id`, `expired`, `created`) VALUES
(1, '2016-10-02', 'keterangan tambahan', 20, 4, 34100, 1, '0000-00-00', '2016-10-02 17:05:11'),
(2, '2016-10-02', 'ket. lagi', 30, 2, 26100, 1, '0000-00-00', '2016-10-02 17:05:13'),
(3, '2016-10-03', '', 30, 5, 34100, 1, '0000-00-00', '2016-10-02 17:04:28'),
(4, '2016-10-07', '', 100, 37, 56000, 1, '0000-00-00', '2016-10-07 12:18:49'),
(5, '2016-10-07', '', 20, 9, 90200, 1, '0000-00-00', '2016-10-07 12:43:50'),
(6, '2016-10-07', '', 20, 9, 130000, 1, '0000-00-00', '2016-10-07 12:48:33'),
(7, '2016-10-09', '', 30, 3, 28000, 1, '0000-00-00', '2016-10-09 14:11:30'),
(8, '2016-10-09', '', 30, 9, 100000, 1, '2016-10-15', '2016-10-09 16:07:48'),
(9, '2016-10-09', '', 100, 4, 204000, 1, '2016-10-12', '2016-10-09 16:26:04'),
(10, '2016-10-10', '', 10, 9, 12800, 1, '2016-10-11', '2016-10-09 17:02:03'),
(11, '2016-10-10', '', 10, 9, 27500, 1, '2016-10-11', '2016-10-09 17:03:44'),
(12, '2016-10-10', '', 10, 9, 17500, 1, '2016-10-12', '2016-10-09 17:04:05'),
(13, '2016-10-10', '', 10, 4, 19500, 1, '2016-10-13', '2016-10-09 17:04:51'),
(14, '2016-10-10', '', 20, 1, 19500, 1, '2016-10-14', '2016-10-09 17:05:09'),
(15, '2016-10-10', '', 5, 11, 19500, 1, '2016-10-13', '2016-10-09 17:05:28'),
(16, '2016-10-10', '', 10, 2, 103200, 1, '2016-10-15', '2016-10-09 17:34:33');

-- --------------------------------------------------------

--
-- Table structure for table `tb_resep_detail`
--

CREATE TABLE `tb_resep_detail` (
  `resep_detail_id` int(11) NOT NULL,
  `resep_id` int(11) NOT NULL,
  `bahan_id` int(11) NOT NULL,
  `jumlah` int(11) NOT NULL,
  `harga` int(11) NOT NULL,
  `subtotal` int(11) NOT NULL,
  `created` timestamp NOT NULL DEFAULT CURRENT_TIMESTAMP ON UPDATE CURRENT_TIMESTAMP
) ENGINE=InnoDB DEFAULT CHARSET=utf8;

--
-- Dumping data for table `tb_resep_detail`
--

INSERT INTO `tb_resep_detail` (`resep_detail_id`, `resep_id`, `bahan_id`, `jumlah`, `harga`, `subtotal`, `created`) VALUES
(1, 1, 2, 3, 6700, 20100, '2016-10-02 14:09:49'),
(2, 1, 3, 1, 10000, 10000, '2016-10-02 14:09:49'),
(3, 1, 1, 2, 2000, 4000, '2016-10-02 14:09:49'),
(4, 2, 2, 3, 6700, 20100, '2016-10-02 14:10:29'),
(5, 2, 1, 3, 2000, 6000, '2016-10-02 14:10:29'),
(6, 3, 2, 3, 6700, 20100, '2016-10-02 17:04:28'),
(7, 3, 1, 2, 2000, 4000, '2016-10-02 17:04:28'),
(8, 3, 3, 1, 10000, 10000, '2016-10-02 17:04:28'),
(9, 4, 3, 3, 10000, 30000, '2016-10-07 12:18:49'),
(10, 4, 4, 1, 20000, 20000, '2016-10-07 12:18:49'),
(11, 4, 1, 3, 2000, 6000, '2016-10-07 12:18:49'),
(12, 5, 3, 3, 10000, 30000, '2016-10-07 12:43:50'),
(13, 5, 4, 1, 20000, 20000, '2016-10-07 12:43:50'),
(14, 5, 2, 6, 6700, 40200, '2016-10-07 12:43:50'),
(15, 6, 3, 3, 10000, 30000, '2016-10-07 12:48:33'),
(16, 6, 4, 5, 20000, 100000, '2016-10-07 12:48:33'),
(17, 7, 3, 2, 10000, 20000, '2016-10-09 14:11:30'),
(18, 7, 1, 4, 2000, 8000, '2016-10-09 14:11:30'),
(19, 8, 3, 10, 10000, 100000, '2016-10-09 16:07:49'),
(20, 9, 3, 20, 10000, 200000, '2016-10-09 16:26:04'),
(21, 9, 4, 5, 800, 4000, '2016-10-09 16:26:04'),
(22, 10, 1, 1, 2000, 2000, '2016-10-09 17:02:03'),
(23, 10, 3, 1, 10000, 10000, '2016-10-09 17:02:03'),
(24, 10, 4, 1, 800, 800, '2016-10-09 17:02:03'),
(25, 11, 2, 1, 6700, 6700, '2016-10-09 17:03:45'),
(26, 11, 3, 2, 10000, 20000, '2016-10-09 17:03:45'),
(27, 11, 4, 1, 800, 800, '2016-10-09 17:03:45'),
(28, 12, 3, 1, 10000, 10000, '2016-10-09 17:04:05'),
(29, 12, 2, 1, 6700, 6700, '2016-10-09 17:04:05'),
(30, 12, 4, 1, 800, 800, '2016-10-09 17:04:05'),
(31, 13, 3, 1, 10000, 10000, '2016-10-09 17:04:52'),
(32, 13, 2, 1, 6700, 6700, '2016-10-09 17:04:52'),
(33, 13, 1, 1, 2000, 2000, '2016-10-09 17:04:52'),
(34, 13, 4, 1, 800, 800, '2016-10-09 17:04:52'),
(35, 14, 3, 1, 10000, 10000, '2016-10-09 17:05:09'),
(36, 14, 2, 1, 6700, 6700, '2016-10-09 17:05:09'),
(37, 14, 4, 1, 800, 800, '2016-10-09 17:05:09'),
(38, 14, 1, 1, 2000, 2000, '2016-10-09 17:05:09'),
(39, 15, 3, 1, 10000, 10000, '2016-10-09 17:05:28'),
(40, 15, 2, 1, 6700, 6700, '2016-10-09 17:05:28'),
(41, 15, 4, 1, 800, 800, '2016-10-09 17:05:28'),
(42, 15, 1, 1, 2000, 2000, '2016-10-09 17:05:28'),
(43, 16, 3, 10, 10000, 100000, '2016-10-09 17:34:33'),
(44, 16, 4, 4, 800, 3200, '2016-10-09 17:34:33');

-- --------------------------------------------------------

--
-- Table structure for table `tb_retur`
--

CREATE TABLE `tb_retur` (
  `retur_id` bigint(20) NOT NULL,
  `retur_date` datetime NOT NULL,
  `retur_desc` varchar(255) DEFAULT NULL,
  `outlet_id` int(11) NOT NULL,
  `retur_type` enum('PEMBELI','OUTLET','DAPUR') NOT NULL DEFAULT 'PEMBELI',
  `retur_status` enum('YA','TIDAK','DITOLAK') NOT NULL DEFAULT 'TIDAK',
  `user_id` int(11) NOT NULL,
  `retur_total` int(11) NOT NULL,
  `created` timestamp NOT NULL DEFAULT CURRENT_TIMESTAMP ON UPDATE CURRENT_TIMESTAMP
) ENGINE=InnoDB DEFAULT CHARSET=utf8;

--
-- Dumping data for table `tb_retur`
--

INSERT INTO `tb_retur` (`retur_id`, `retur_date`, `retur_desc`, `outlet_id`, `retur_type`, `retur_status`, `user_id`, `retur_total`, `created`) VALUES
(2, '2016-08-30 22:16:33', 'label rusak', 4, 'PEMBELI', 'TIDAK', 0, 0, '2016-08-30 15:16:33'),
(4, '2016-08-30 22:29:06', 'plastik rusak', 4, 'OUTLET', 'TIDAK', 0, 0, '2016-08-31 18:57:18'),
(5, '2016-08-30 22:31:48', 'label rusak', 4, 'DAPUR', 'TIDAK', 0, 0, '2016-08-31 18:57:22'),
(6, '2016-09-01 02:00:56', 'produk expired', 4, 'PEMBELI', 'TIDAK', 0, 0, '2016-08-31 19:00:56'),
(7, '2016-09-01 22:25:48', 'testing retur pembeli', 1, 'PEMBELI', 'TIDAK', 1, 16000, '2016-09-01 15:25:48'),
(8, '2016-09-01 23:12:51', 'testing retur pembeli lagi', 1, 'PEMBELI', 'TIDAK', 1, 40000, '2016-09-01 16:12:51'),
(9, '2016-09-01 23:15:23', 'testing lagi', 1, 'PEMBELI', 'TIDAK', 1, 40000, '2016-09-01 16:15:23'),
(10, '2016-09-01 23:16:01', 'tes lagi', 1, 'PEMBELI', 'TIDAK', 1, 44000, '2016-09-01 16:16:01'),
(11, '2016-09-01 23:23:12', 'retur outlet', 1, 'OUTLET', 'TIDAK', 1, 21000, '2016-09-01 16:23:12'),
(12, '2016-09-01 23:28:44', 'retur dapur', 1, 'DAPUR', 'TIDAK', 1, 8000, '2016-09-01 16:28:44'),
(13, '2016-09-02 06:41:33', 'barang expired', 1, 'PEMBELI', 'YA', 1, 9000, '2016-09-01 23:42:01'),
(14, '2016-09-02 06:42:54', 'barang kadarluarsa', 1, 'OUTLET', 'DITOLAK', 1, 14000, '2016-10-09 05:07:11'),
(15, '2016-09-02 06:43:37', 'stok di toko saya kebanyakan', 1, 'DAPUR', 'YA', 1, 10000, '2016-09-01 23:43:48'),
(16, '2016-10-09 11:59:42', 'xxxxxxxxxxxx', 1, 'PEMBELI', 'TIDAK', 1, 16200, '2016-10-09 04:59:42'),
(17, '2016-10-09 12:02:29', 'cccccccc', 1, 'PEMBELI', 'TIDAK', 1, 79000, '2016-10-09 05:02:29'),
(18, '2016-10-11 01:56:53', '', 1, 'OUTLET', 'TIDAK', 1, 6700, '2016-10-10 18:56:53'),
(19, '2016-10-11 01:57:03', '', 1, 'OUTLET', 'TIDAK', 1, 6700, '2016-10-10 18:57:03'),
(20, '2016-10-11 01:58:34', '', 1, 'OUTLET', 'TIDAK', 1, 6700, '2016-10-10 18:58:34'),
(21, '2016-10-11 02:02:48', '', 1, 'DAPUR', 'TIDAK', 1, 7000, '2016-10-10 19:02:48');

-- --------------------------------------------------------

--
-- Table structure for table `tb_retur_detail`
--

CREATE TABLE `tb_retur_detail` (
  `retur_detail_id` bigint(20) NOT NULL,
  `item_id` int(11) NOT NULL,
  `retur_detail_qty` int(11) NOT NULL,
  `retur_detail_price` int(11) NOT NULL,
  `retur_id` bigint(20) NOT NULL,
  `retur_detail_total` int(11) NOT NULL,
  `expired` date NOT NULL,
  `created` timestamp NOT NULL DEFAULT CURRENT_TIMESTAMP ON UPDATE CURRENT_TIMESTAMP
) ENGINE=InnoDB DEFAULT CHARSET=utf8;

--
-- Dumping data for table `tb_retur_detail`
--

INSERT INTO `tb_retur_detail` (`retur_detail_id`, `item_id`, `retur_detail_qty`, `retur_detail_price`, `retur_id`, `retur_detail_total`, `expired`, `created`) VALUES
(1, 4, 1, 6000, 7, 6000, '0000-00-00', '2016-09-01 15:25:48'),
(2, 1, 1, 2000, 7, 2000, '0000-00-00', '2016-09-01 15:25:48'),
(3, 3, 1, 7000, 7, 7000, '0000-00-00', '2016-09-01 15:25:48'),
(4, 2, 1, 1000, 7, 1000, '0000-00-00', '2016-09-01 15:25:48'),
(5, 4, 2, 6000, 8, 12000, '0000-00-00', '2016-09-01 16:12:52'),
(6, 3, 4, 7000, 8, 28000, '0000-00-00', '2016-09-01 16:12:52'),
(7, 4, 2, 6000, 9, 12000, '0000-00-00', '2016-09-01 16:15:23'),
(8, 3, 4, 7000, 9, 28000, '0000-00-00', '2016-09-01 16:15:23'),
(9, 4, 2, 6000, 10, 12000, '0000-00-00', '2016-09-01 16:16:01'),
(10, 3, 4, 7000, 10, 28000, '0000-00-00', '2016-09-01 16:16:01'),
(11, 2, 4, 1000, 10, 4000, '0000-00-00', '2016-09-01 16:16:01'),
(12, 3, 3, 7000, 11, 21000, '0000-00-00', '2016-09-01 16:23:12'),
(13, 1, 4, 2000, 12, 8000, '0000-00-00', '2016-09-01 16:28:44'),
(14, 3, 1, 7000, 13, 7000, '0000-00-00', '2016-09-01 23:41:33'),
(15, 37, 1, 2000, 13, 2000, '0000-00-00', '2016-09-01 23:41:33'),
(16, 3, 2, 7000, 14, 14000, '0000-00-00', '2016-09-01 23:42:54'),
(17, 1, 1, 2000, 15, 2000, '0000-00-00', '2016-09-01 23:43:37'),
(18, 3, 1, 7000, 15, 7000, '0000-00-00', '2016-09-01 23:43:37'),
(19, 2, 1, 1000, 15, 1000, '0000-00-00', '2016-09-01 23:43:37'),
(20, 1, 1, 3000, 16, 2700, '0000-00-00', '2016-10-09 04:59:43'),
(21, 2, 1, 1500, 16, 1500, '0000-00-00', '2016-10-09 04:59:43'),
(22, 4, 1, 8000, 16, 8000, '0000-00-00', '2016-10-09 04:59:43'),
(23, 37, 1, 4000, 16, 4000, '0000-00-00', '2016-10-09 04:59:43'),
(24, 4, 2, 8000, 17, 16000, '0000-00-00', '2016-10-09 05:02:30'),
(25, 3, 7, 9000, 17, 63000, '0000-00-00', '2016-10-09 05:02:30'),
(26, 4, 1, 700, 20, 700, '2016-10-15', '2016-10-10 18:58:34'),
(27, 8, 1, 2000, 20, 2000, '2016-10-15', '2016-10-10 18:58:34'),
(28, 36, 1, 4000, 20, 4000, '2016-10-15', '2016-10-10 18:58:34'),
(29, 5, 1, 3000, 21, 3000, '2016-10-15', '2016-10-10 19:02:48'),
(30, 36, 1, 4000, 21, 4000, '2016-10-15', '2016-10-10 19:02:48');

-- --------------------------------------------------------

--
-- Table structure for table `tb_sales`
--

CREATE TABLE `tb_sales` (
  `sales_id` bigint(20) NOT NULL,
  `sales_pay` bigint(20) NOT NULL,
  `sales_cashback` bigint(20) NOT NULL,
  `sales_total` bigint(20) NOT NULL,
  `sales_discount` bigint(20) NOT NULL,
  `sales_disc_product` bigint(20) NOT NULL,
  `sales_date` datetime NOT NULL,
  `sales_shift` enum('1','2') NOT NULL DEFAULT '1',
  `customer_id` int(11) NOT NULL,
  `user_id` int(11) NOT NULL,
  `outlet_id` int(11) NOT NULL,
  `sales_lunas` enum('YA','TIDAK') NOT NULL DEFAULT 'TIDAK',
  `sales_note` varchar(200) DEFAULT NULL,
  `sales_type` enum('cash','kredit','transfer') NOT NULL DEFAULT 'cash',
  `created` timestamp NOT NULL DEFAULT CURRENT_TIMESTAMP ON UPDATE CURRENT_TIMESTAMP
) ENGINE=InnoDB DEFAULT CHARSET=utf8;

--
-- Dumping data for table `tb_sales`
--

INSERT INTO `tb_sales` (`sales_id`, `sales_pay`, `sales_cashback`, `sales_total`, `sales_discount`, `sales_disc_product`, `sales_date`, `sales_shift`, `customer_id`, `user_id`, `outlet_id`, `sales_lunas`, `sales_note`, `sales_type`, `created`) VALUES
(1, 60000, 5000, 55000, 400, 0, '2016-08-05 10:02:18', '1', 2, 1, 2, 'YA', NULL, 'cash', '2016-10-10 21:50:07'),
(2, 100000, 7000, 93000, 5, 0, '2016-08-06 12:47:26', '1', 3, 1, 2, 'YA', NULL, 'cash', '2016-10-10 21:50:06'),
(3, 100000, 2500, 97500, 5, 0, '2016-08-31 12:48:27', '1', 1, 1, 2, 'YA', NULL, 'cash', '2016-10-10 21:50:05'),
(4, 20000, 0, 20000, 1, 0, '2016-08-22 12:50:01', '1', 1, 1, 2, 'YA', NULL, 'cash', '2016-10-10 21:50:05'),
(5, 15000, 2500, 12500, 1, 0, '2016-08-22 12:50:44', '1', 1, 1, 2, 'YA', NULL, 'cash', '2016-10-10 21:50:04'),
(6, 15000, 2500, 12500, 1, 0, '2016-08-22 12:51:25', '1', 1, 1, 2, 'YA', NULL, 'cash', '2016-10-10 21:50:03'),
(7, 50000, 20000, 30000, 0, 0, '2016-08-22 12:53:13', '1', 1, 1, 2, 'YA', NULL, 'cash', '2016-10-10 21:50:03'),
(8, 50000, 7500, 42500, 0, 0, '2016-08-29 12:55:05', '2', 1, 1, 0, 'YA', NULL, 'cash', '2016-10-10 21:50:02'),
(9, 50000, 0, 50000, 0, 0, '2016-08-22 13:09:31', '2', 1, 1, 3, 'YA', NULL, 'cash', '2016-10-10 21:50:01'),
(10, 50000, 22500, 27500, 0, 0, '2016-08-05 13:10:09', '1', 1, 1, 4, 'YA', NULL, 'cash', '2016-10-10 21:50:01'),
(11, 50000, 50000, 0, 0, 0, '2016-08-22 13:10:10', '1', 1, 1, 4, 'YA', NULL, 'cash', '2016-10-10 21:50:00'),
(12, 50000, 25000, 25000, 0, 0, '2016-08-22 13:11:06', '2', 1, 1, 2, 'YA', NULL, 'cash', '2016-10-10 21:49:59'),
(13, 50000, 7500, 42500, 0, 0, '2016-08-22 13:14:03', '1', 1, 1, 4, 'YA', NULL, 'cash', '2016-10-10 21:49:57'),
(14, 100000, 65000, 35000, 0, 0, '2016-08-05 13:15:42', '1', 1, 1, 4, 'YA', NULL, 'cash', '2016-10-10 21:49:56'),
(15, 30000, 12500, 17500, 0, 0, '2016-08-05 13:17:03', '2', 1, 1, 4, 'YA', NULL, 'cash', '2016-10-10 21:49:55'),
(16, 60000, 19500, 40500, 0, 0, '2016-08-05 13:17:13', '1', 1, 1, 4, 'YA', NULL, 'cash', '2016-10-10 21:49:54'),
(17, 50000, 15000, 35000, 0, 0, '2016-08-10 18:19:43', '1', 3, 1, 2, 'YA', NULL, 'cash', '2016-10-10 21:49:53'),
(18, 5000, -3400, 8400, 5, 0, '2016-09-01 05:53:07', '1', 2, 1, 1, 'YA', NULL, 'cash', '2016-10-10 21:49:52'),
(19, 10000, -6200, 16200, 7, 0, '2016-09-01 05:57:25', '1', 2, 1, 1, 'YA', NULL, 'cash', '2016-10-10 21:49:51'),
(20, 10000, -3500, 13500, 7, 0, '2016-09-01 06:00:48', '1', 2, 1, 1, 'YA', NULL, 'cash', '2016-10-10 21:49:50'),
(21, 5000, 500, 4500, 1, 0, '2016-09-01 06:01:13', '1', 1, 1, 1, 'YA', NULL, 'cash', '2016-10-10 21:49:49'),
(22, 5000, 2000, 3000, 500, 0, '2016-09-01 06:02:24', '1', 1, 1, 1, 'YA', NULL, 'cash', '2016-10-10 21:49:48'),
(23, 100000, 25000, 75000, 0, 0, '2016-09-02 06:32:34', '1', 2, 1, 4, 'YA', NULL, 'cash', '2016-10-10 21:49:47'),
(24, 20000, -2500, 22500, 5, 0, '2016-09-02 06:33:07', '1', 2, 1, 4, 'YA', NULL, 'cash', '2016-10-10 21:49:47'),
(25, 20000, 9200, 10800, 0, 0, '2016-09-02 06:38:03', '1', 1, 1, 3, 'YA', NULL, 'cash', '2016-10-10 21:49:46'),
(26, 100000, 39200, 60800, 0, 0, '2016-09-02 06:38:17', '1', 1, 1, 3, 'YA', NULL, 'cash', '2016-10-10 21:49:45'),
(27, 20000, 2500, 17500, 0, 0, '2016-09-08 00:25:06', '1', 1, 1, 1, 'YA', NULL, 'cash', '2016-10-10 21:49:45'),
(28, 15000, 100, 14900, 0, 0, '2016-09-08 00:39:07', '1', 1, 1, 1, 'YA', NULL, 'cash', '2016-10-10 21:49:44'),
(29, 20000, 3800, 16200, 0, 0, '2016-09-08 00:40:19', '1', 1, 1, 1, 'YA', NULL, 'cash', '2016-10-10 21:49:41'),
(30, 50000, 33800, 16200, 0, 0, '2016-09-08 00:42:29', '1', 1, 1, 1, 'YA', NULL, 'cash', '2016-10-10 21:49:40'),
(31, 50000, 29800, 20200, 0, 0, '2016-09-08 00:42:58', '1', 1, 1, 1, 'YA', NULL, 'cash', '2016-10-10 21:49:40'),
(32, 20000, 3800, 16200, 0, 0, '2016-09-08 00:47:27', '1', 1, 1, 1, 'YA', NULL, 'cash', '2016-10-10 21:49:39'),
(33, 30000, 13800, 16200, 0, 0, '2016-09-08 00:49:35', '1', 1, 1, 1, 'YA', NULL, 'cash', '2016-10-10 21:49:38'),
(34, 50000, 21600, 28400, 0, 0, '2016-09-08 00:55:13', '1', 1, 1, 1, 'YA', NULL, 'cash', '2016-10-10 21:49:38'),
(35, 50000, 33800, 16200, 0, 0, '2016-09-08 00:56:42', '1', 1, 1, 1, 'YA', NULL, 'cash', '2016-10-10 21:49:37'),
(36, 20000, 3800, 16200, 0, 0, '2016-09-08 00:58:53', '1', 1, 1, 1, 'YA', NULL, 'cash', '2016-10-10 21:49:36'),
(37, 40000, 23800, 16200, 0, 0, '2016-09-08 01:02:35', '1', 1, 1, 1, 'YA', NULL, 'cash', '2016-10-10 21:49:36'),
(38, 20000, 3800, 16200, 0, 0, '2016-09-08 01:03:08', '1', 1, 1, 1, 'YA', NULL, 'cash', '2016-10-10 21:49:35'),
(39, 30000, 13800, 16200, 0, 0, '2016-09-08 01:03:44', '1', 1, 1, 1, 'YA', NULL, 'cash', '2016-10-10 21:49:34'),
(40, 20000, 3800, 16200, 0, 0, '2016-09-08 01:35:50', '1', 1, 1, 1, 'YA', NULL, 'cash', '2016-10-10 21:49:34'),
(41, 20000, 3800, 16200, 0, 0, '2016-09-08 01:37:36', '1', 1, 1, 1, 'YA', NULL, 'cash', '2016-10-10 21:49:29'),
(42, 40000, 23800, 16200, 0, 0, '2016-09-08 01:38:35', '1', 1, 1, 1, 'YA', NULL, 'cash', '2016-10-10 21:49:28'),
(43, 30000, 1600, 28400, 0, 0, '2016-09-08 01:42:06', '1', 1, 1, 1, 'YA', NULL, 'cash', '2016-10-10 21:49:27'),
(44, 30000, 1800, 28200, 0, 0, '2016-09-08 01:42:52', '1', 1, 1, 1, 'YA', NULL, 'cash', '2016-10-10 21:49:26'),
(45, 80000, 1000, 79000, 0, 0, '2016-10-05 19:34:43', '1', 1, 1, 1, 'YA', NULL, 'cash', '2016-10-10 21:49:25'),
(46, 10000, -17900, 27900, 0, 0, '2016-10-06 23:38:13', '1', 1, 1, 1, 'TIDAK', NULL, 'kredit', '2016-10-10 21:49:22'),
(47, 30000, 3000, 27000, 0, 0, '2016-10-07 17:41:22', '1', 1, 1, 1, 'YA', NULL, 'cash', '2016-10-07 10:41:22'),
(48, 30000, 550, 29450, 0, 0, '2016-10-09 15:47:28', '1', 4, 1, 1, 'YA', NULL, 'cash', '2016-10-09 08:47:28'),
(49, 50000, 29550, 20450, 0, 0, '2016-10-09 19:15:56', '1', 1, 1, 1, 'YA', NULL, 'cash', '2016-10-09 12:15:56'),
(50, 50000, 15550, 34450, 0, 0, '2016-10-09 20:08:50', '1', 1, 1, 1, 'YA', NULL, 'cash', '2016-10-09 13:08:50'),
(51, 50000, 20550, 29450, 0, 0, '2016-10-09 20:09:14', '1', 1, 1, 1, 'YA', NULL, 'cash', '2016-10-09 13:09:14'),
(52, 200000, 43850, 156150, 0, 0, '2016-10-09 20:37:32', '1', 1, 1, 1, 'YA', NULL, 'cash', '2016-10-09 13:37:32'),
(53, 3000, 700, 2300, 0, 0, '2016-10-10 12:02:53', '1', 4, 1, 1, 'YA', NULL, 'cash', '2016-10-10 05:02:53'),
(55, 8000, 100, 7900, 0, 0, '2016-10-11 04:56:41', '1', 1, 1, 1, 'YA', NULL, 'cash', '2016-10-10 21:56:41');

-- --------------------------------------------------------

--
-- Table structure for table `tb_sales_detail`
--

CREATE TABLE `tb_sales_detail` (
  `sales_detail_id` bigint(20) NOT NULL,
  `sales_detail_price` bigint(20) NOT NULL,
  `sales_detail_qty` int(11) NOT NULL,
  `sales_detail_total` bigint(20) NOT NULL,
  `item_id` int(11) NOT NULL,
  `sales_id` bigint(20) NOT NULL,
  `sales_detail_disc` int(11) NOT NULL,
  `expired` date NOT NULL,
  `created` timestamp NOT NULL DEFAULT CURRENT_TIMESTAMP ON UPDATE CURRENT_TIMESTAMP
) ENGINE=InnoDB DEFAULT CHARSET=utf8;

--
-- Dumping data for table `tb_sales_detail`
--

INSERT INTO `tb_sales_detail` (`sales_detail_id`, `sales_detail_price`, `sales_detail_qty`, `sales_detail_total`, `item_id`, `sales_id`, `sales_detail_disc`, `expired`, `created`) VALUES
(1, 17500, 1, 17500, 1, 1, 0, '0000-00-00', '2016-08-05 03:02:18'),
(2, 10000, 1, 10000, 2, 1, 0, '0000-00-00', '2016-08-05 03:02:18'),
(3, 12500, 1, 12500, 9, 1, 0, '0000-00-00', '2016-08-05 03:02:18'),
(4, 7500, 2, 15000, 4, 1, 0, '0000-00-00', '2016-08-05 03:02:18'),
(5, 3500, 1, 3500, 8, 2, 0, '0000-00-00', '2016-08-05 05:47:26'),
(6, 23500, 2, 47000, 5, 2, 0, '0000-00-00', '2016-08-05 05:47:26'),
(7, 17500, 2, 35000, 1, 2, 0, '0000-00-00', '2016-08-05 05:47:26'),
(8, 7500, 1, 7500, 4, 2, 0, '0000-00-00', '2016-08-05 05:47:26'),
(9, 3500, 1, 3500, 8, 3, 0, '0000-00-00', '2016-08-05 05:48:27'),
(10, 23500, 4, 94000, 5, 3, 0, '0000-00-00', '2016-08-05 05:48:27'),
(11, 12500, 1, 12500, 9, 4, 0, '0000-00-00', '2016-08-05 05:50:01'),
(12, 7500, 1, 7500, 4, 4, 0, '0000-00-00', '2016-08-05 05:50:01'),
(13, 12500, 1, 12500, 9, 5, 0, '0000-00-00', '2016-08-05 05:50:44'),
(14, 12500, 1, 12500, 9, 6, 0, '0000-00-00', '2016-08-05 05:51:25'),
(15, 7500, 4, 30000, 4, 7, 0, '0000-00-00', '2016-08-05 05:53:13'),
(16, 9500, 1, 9500, 6, 8, 0, '0000-00-00', '2016-08-05 05:55:05'),
(17, 33000, 1, 33000, 7, 8, 0, '0000-00-00', '2016-08-05 05:55:05'),
(18, 12500, 4, 50000, 9, 9, 0, '0000-00-00', '2016-08-05 06:09:31'),
(19, 12500, 1, 12500, 9, 10, 0, '0000-00-00', '2016-08-05 06:10:09'),
(20, 7500, 2, 15000, 4, 10, 0, '0000-00-00', '2016-08-05 06:10:09'),
(21, 12500, 2, 25000, 9, 12, 0, '0000-00-00', '2016-08-05 06:11:06'),
(22, 17500, 2, 35000, 1, 13, 0, '0000-00-00', '2016-08-05 06:14:03'),
(23, 7500, 1, 7500, 4, 13, 0, '0000-00-00', '2016-08-05 06:14:03'),
(24, 17500, 2, 35000, 1, 14, 0, '0000-00-00', '2016-08-05 06:15:42'),
(25, 17500, 1, 17500, 1, 15, 0, '0000-00-00', '2016-08-05 06:17:03'),
(26, 7500, 1, 7500, 4, 16, 0, '0000-00-00', '2016-08-05 06:17:13'),
(27, 33000, 1, 33000, 7, 16, 0, '0000-00-00', '2016-08-05 06:17:13'),
(28, 17500, 2, 35000, 1, 17, 0, '0000-00-00', '2016-08-05 11:19:43'),
(29, 3000, 2, 5400, 1, 18, 10, '0000-00-00', '2016-08-31 22:53:08'),
(30, 1500, 2, 3000, 2, 18, 0, '0000-00-00', '2016-08-31 22:53:08'),
(31, 3000, 6, 16200, 1, 19, 10, '0000-00-00', '2016-08-31 22:57:25'),
(32, 3000, 5, 13500, 1, 20, 10, '0000-00-00', '2016-08-31 23:00:48'),
(33, 1500, 3, 4500, 2, 21, 0, '0000-00-00', '2016-08-31 23:01:13'),
(34, 1500, 2, 3000, 2, 22, 0, '0000-00-00', '2016-08-31 23:02:24'),
(35, 7500, 10, 75000, 5, 23, 0, '0000-00-00', '2016-09-01 23:32:34'),
(36, 7500, 3, 22500, 5, 24, 0, '0000-00-00', '2016-09-01 23:33:07'),
(37, 6000, 1, 4800, 37, 25, 20, '0000-00-00', '2016-09-01 23:38:03'),
(38, 6000, 1, 6000, 9, 25, 0, '0000-00-00', '2016-09-01 23:38:03'),
(39, 6000, 6, 28800, 37, 26, 20, '0000-00-00', '2016-09-01 23:38:17'),
(40, 4000, 2, 8000, 11, 26, 0, '0000-00-00', '2016-09-01 23:38:17'),
(41, 6000, 4, 24000, 9, 26, 0, '0000-00-00', '2016-09-01 23:38:17'),
(42, 8000, 2, 16000, 4, 27, 0, '0000-00-00', '2016-09-07 17:25:06'),
(43, 1500, 1, 1500, 2, 27, 0, '0000-00-00', '2016-09-07 17:25:06'),
(44, 1500, 1, 1500, 2, 28, 0, '0000-00-00', '2016-09-07 17:39:07'),
(45, 3000, 2, 5400, 1, 28, 10, '0000-00-00', '2016-09-07 17:39:07'),
(46, 8000, 1, 8000, 4, 28, 0, '0000-00-00', '2016-09-07 17:39:07'),
(47, 3000, 1, 2700, 1, 29, 10, '0000-00-00', '2016-09-07 17:40:19'),
(48, 1500, 1, 1500, 2, 29, 0, '0000-00-00', '2016-09-07 17:40:19'),
(49, 8000, 1, 8000, 4, 29, 0, '0000-00-00', '2016-09-07 17:40:19'),
(50, 4000, 1, 4000, 37, 29, 0, '0000-00-00', '2016-09-07 17:40:19'),
(51, 3000, 1, 2700, 1, 30, 10, '0000-00-00', '2016-09-07 17:42:30'),
(52, 1500, 1, 1500, 2, 30, 0, '0000-00-00', '2016-09-07 17:42:30'),
(53, 8000, 1, 8000, 4, 30, 0, '0000-00-00', '2016-09-07 17:42:30'),
(54, 4000, 1, 4000, 37, 30, 0, '0000-00-00', '2016-09-07 17:42:30'),
(55, 3000, 1, 2700, 1, 31, 10, '0000-00-00', '2016-09-07 17:42:58'),
(56, 1500, 1, 1500, 2, 31, 0, '0000-00-00', '2016-09-07 17:42:58'),
(57, 8000, 1, 8000, 4, 31, 0, '0000-00-00', '2016-09-07 17:42:58'),
(58, 4000, 2, 8000, 37, 31, 0, '0000-00-00', '2016-09-07 17:42:58'),
(59, 3000, 1, 2700, 1, 32, 10, '0000-00-00', '2016-09-07 17:47:27'),
(60, 1500, 1, 1500, 2, 32, 0, '0000-00-00', '2016-09-07 17:47:27'),
(61, 8000, 1, 8000, 4, 32, 0, '0000-00-00', '2016-09-07 17:47:27'),
(62, 4000, 1, 4000, 37, 32, 0, '0000-00-00', '2016-09-07 17:47:27'),
(63, 3000, 1, 2700, 1, 33, 10, '0000-00-00', '2016-09-07 17:49:35'),
(64, 1500, 1, 1500, 2, 33, 0, '0000-00-00', '2016-09-07 17:49:35'),
(65, 8000, 1, 8000, 4, 33, 0, '0000-00-00', '2016-09-07 17:49:35'),
(66, 4000, 1, 4000, 37, 33, 0, '0000-00-00', '2016-09-07 17:49:35'),
(67, 3000, 2, 5400, 1, 34, 10, '0000-00-00', '2016-09-07 17:55:13'),
(68, 1500, 2, 3000, 2, 34, 0, '0000-00-00', '2016-09-07 17:55:13'),
(69, 8000, 2, 16000, 4, 34, 0, '0000-00-00', '2016-09-07 17:55:13'),
(70, 4000, 1, 4000, 37, 34, 0, '0000-00-00', '2016-09-07 17:55:13'),
(71, 3000, 1, 2700, 1, 35, 10, '0000-00-00', '2016-09-07 17:56:42'),
(72, 1500, 1, 1500, 2, 35, 0, '0000-00-00', '2016-09-07 17:56:42'),
(73, 8000, 1, 8000, 4, 35, 0, '0000-00-00', '2016-09-07 17:56:42'),
(74, 4000, 1, 4000, 37, 35, 0, '0000-00-00', '2016-09-07 17:56:42'),
(75, 3000, 1, 2700, 1, 36, 10, '0000-00-00', '2016-09-07 17:58:54'),
(76, 1500, 1, 1500, 2, 36, 0, '0000-00-00', '2016-09-07 17:58:54'),
(77, 8000, 1, 8000, 4, 36, 0, '0000-00-00', '2016-09-07 17:58:54'),
(78, 4000, 1, 4000, 37, 36, 0, '0000-00-00', '2016-09-07 17:58:54'),
(79, 3000, 1, 2700, 1, 37, 10, '0000-00-00', '2016-09-07 18:02:35'),
(80, 1500, 1, 1500, 2, 37, 0, '0000-00-00', '2016-09-07 18:02:35'),
(81, 8000, 1, 8000, 4, 37, 0, '0000-00-00', '2016-09-07 18:02:35'),
(82, 4000, 1, 4000, 37, 37, 0, '0000-00-00', '2016-09-07 18:02:35'),
(83, 3000, 1, 2700, 1, 38, 10, '0000-00-00', '2016-09-07 18:03:08'),
(84, 1500, 1, 1500, 2, 38, 0, '0000-00-00', '2016-09-07 18:03:08'),
(85, 8000, 1, 8000, 4, 38, 0, '0000-00-00', '2016-09-07 18:03:08'),
(86, 4000, 1, 4000, 37, 38, 0, '0000-00-00', '2016-09-07 18:03:08'),
(87, 3000, 1, 2700, 1, 39, 10, '0000-00-00', '2016-09-07 18:03:44'),
(88, 1500, 1, 1500, 2, 39, 0, '0000-00-00', '2016-09-07 18:03:44'),
(89, 8000, 1, 8000, 4, 39, 0, '0000-00-00', '2016-09-07 18:03:44'),
(90, 4000, 1, 4000, 37, 39, 0, '0000-00-00', '2016-09-07 18:03:44'),
(91, 3000, 1, 2700, 1, 40, 10, '0000-00-00', '2016-09-07 18:35:50'),
(92, 1500, 1, 1500, 2, 40, 0, '0000-00-00', '2016-09-07 18:35:50'),
(93, 8000, 1, 8000, 4, 40, 0, '0000-00-00', '2016-09-07 18:35:50'),
(94, 4000, 1, 4000, 37, 40, 0, '0000-00-00', '2016-09-07 18:35:50'),
(95, 3000, 1, 2700, 1, 41, 10, '0000-00-00', '2016-09-07 18:37:37'),
(96, 1500, 1, 1500, 2, 41, 0, '0000-00-00', '2016-09-07 18:37:37'),
(97, 8000, 1, 8000, 4, 41, 0, '0000-00-00', '2016-09-07 18:37:37'),
(98, 4000, 1, 4000, 37, 41, 0, '0000-00-00', '2016-09-07 18:37:37'),
(99, 3000, 1, 2700, 1, 42, 10, '0000-00-00', '2016-09-07 18:38:36'),
(100, 1500, 1, 1500, 2, 42, 0, '0000-00-00', '2016-09-07 18:38:36'),
(101, 8000, 1, 8000, 4, 42, 0, '0000-00-00', '2016-09-07 18:38:36'),
(102, 4000, 1, 4000, 37, 42, 0, '0000-00-00', '2016-09-07 18:38:36'),
(103, 4000, 1, 4000, 37, 43, 0, '0000-00-00', '2016-09-07 18:42:06'),
(104, 8000, 2, 16000, 4, 43, 0, '0000-00-00', '2016-09-07 18:42:06'),
(105, 1500, 2, 3000, 2, 43, 0, '0000-00-00', '2016-09-07 18:42:06'),
(106, 3000, 2, 5400, 1, 43, 10, '0000-00-00', '2016-09-07 18:42:06'),
(107, 3000, 1, 2700, 1, 44, 10, '0000-00-00', '2016-09-07 18:42:52'),
(108, 1500, 1, 1500, 2, 44, 0, '0000-00-00', '2016-09-07 18:42:52'),
(109, 4000, 2, 8000, 37, 44, 0, '0000-00-00', '2016-09-07 18:42:52'),
(110, 8000, 2, 16000, 4, 44, 0, '0000-00-00', '2016-09-07 18:42:52'),
(111, 8000, 2, 16000, 4, 45, 0, '0000-00-00', '2016-10-05 12:34:43'),
(112, 9000, 7, 63000, 3, 45, 0, '0000-00-00', '2016-10-05 12:34:43'),
(113, 3000, 2, 5400, 1, 46, 10, '0000-00-00', '2016-10-06 16:38:13'),
(114, 1500, 1, 1500, 2, 46, 0, '0000-00-00', '2016-10-06 16:38:13'),
(115, 9000, 1, 9000, 3, 46, 0, '0000-00-00', '2016-10-06 16:38:13'),
(116, 8000, 1, 8000, 4, 46, 0, '0000-00-00', '2016-10-06 16:38:13'),
(117, 4000, 1, 4000, 37, 46, 0, '0000-00-00', '2016-10-06 16:38:13'),
(118, 3000, 10, 27000, 1, 47, 10, '0000-00-00', '2016-10-07 10:41:22'),
(119, 3000, 1, 2700, 1, 48, 10, '0000-00-00', '2016-10-09 08:47:28'),
(120, 1500, 1, 750, 2, 48, 50, '0000-00-00', '2016-10-09 08:47:28'),
(121, 9000, 1, 9000, 3, 48, 0, '0000-00-00', '2016-10-09 08:47:28'),
(122, 8000, 1, 8000, 4, 48, 0, '0000-00-00', '2016-10-09 08:47:28'),
(123, 5000, 1, 5000, 9, 48, 0, '0000-00-00', '2016-10-09 08:47:28'),
(124, 4000, 1, 4000, 37, 48, 0, '0000-00-00', '2016-10-09 08:47:28'),
(125, 3000, 1, 2700, 1, 49, 10, '0000-00-00', '2016-10-09 12:15:57'),
(126, 1500, 1, 750, 2, 49, 50, '0000-00-00', '2016-10-09 12:15:57'),
(127, 9000, 1, 9000, 3, 49, 0, '0000-00-00', '2016-10-09 12:15:57'),
(128, 8000, 1, 8000, 4, 49, 0, '0000-00-00', '2016-10-09 12:15:57'),
(129, 3000, 1, 2700, 1, 50, 10, '0000-00-00', '2016-10-09 13:08:50'),
(130, 1500, 1, 750, 2, 50, 50, '0000-00-00', '2016-10-09 13:08:50'),
(131, 9000, 1, 9000, 3, 50, 0, '0000-00-00', '2016-10-09 13:08:50'),
(132, 4000, 1, 4000, 37, 50, 0, '0000-00-00', '2016-10-09 13:08:50'),
(133, 8000, 1, 8000, 4, 50, 0, '0000-00-00', '2016-10-09 13:08:50'),
(134, 5000, 2, 10000, 9, 50, 0, '0000-00-00', '2016-10-09 13:08:50'),
(135, 3000, 1, 2700, 1, 51, 10, '0000-00-00', '2016-10-09 13:09:14'),
(136, 1500, 1, 750, 2, 51, 50, '0000-00-00', '2016-10-09 13:09:14'),
(137, 9000, 1, 9000, 3, 51, 0, '0000-00-00', '2016-10-09 13:09:14'),
(138, 8000, 1, 8000, 4, 51, 0, '0000-00-00', '2016-10-09 13:09:14'),
(139, 5000, 1, 5000, 9, 51, 0, '0000-00-00', '2016-10-09 13:09:14'),
(140, 4000, 1, 4000, 37, 51, 0, '0000-00-00', '2016-10-09 13:09:14'),
(141, 3000, 2, 5400, 1, 52, 10, '0000-00-00', '2016-10-09 13:37:32'),
(142, 1500, 21, 15750, 2, 52, 50, '0000-00-00', '2016-10-09 13:37:32'),
(143, 9000, 5, 45000, 3, 52, 0, '0000-00-00', '2016-10-09 13:37:32'),
(144, 8000, 5, 40000, 4, 52, 0, '0000-00-00', '2016-10-09 13:37:32'),
(145, 5000, 10, 50000, 9, 52, 0, '0000-00-00', '2016-10-09 13:37:32'),
(146, 300, 3, 900, 15, 53, 0, '0000-00-00', '2016-10-10 05:02:54'),
(147, 700, 2, 1400, 11, 53, 0, '0000-00-00', '2016-10-10 05:02:54'),
(148, 300, 7, 2100, 15, 54, 0, '0000-00-00', '2016-10-10 05:03:17'),
(149, 1500, 1, 1500, 1, 55, 0, '2016-10-15', '2016-10-10 21:56:41'),
(150, 3000, 1, 3000, 5, 55, 0, '2016-10-15', '2016-10-10 21:56:41'),
(151, 300, 2, 600, 9, 55, 0, '2016-10-15', '2016-10-10 21:56:41'),
(152, 700, 4, 2800, 4, 55, 0, '2016-10-15', '2016-10-10 21:56:41');

-- --------------------------------------------------------

--
-- Table structure for table `tb_setting`
--

CREATE TABLE `tb_setting` (
  `setting_id` bigint(20) NOT NULL,
  `setting_type` varchar(60) CHARACTER SET utf8 NOT NULL,
  `setting_name` varchar(60) CHARACTER SET utf8 NOT NULL,
  `setting_value` text CHARACTER SET utf8 NOT NULL,
  `setting_desc` varchar(100) CHARACTER SET utf8 NOT NULL
) ENGINE=InnoDB DEFAULT CHARSET=latin1;

--
-- Dumping data for table `tb_setting`
--

INSERT INTO `tb_setting` (`setting_id`, `setting_type`, `setting_name`, `setting_value`, `setting_desc`) VALUES
(3, 'cpanel', 'theme_back', 'king', ''),
(4, 'cpanel', 'Title', 'Bootstrab', ''),
(5, 'cpanel', 'Logo', 'panellogo.png', ''),
(6, 'front-customize', 'Site Logo', 'ed92c-logo.png', 'image'),
(7, 'front-customize', 'Link Color', '#7e24c2', 'color'),
(8, 'front-customize', 'Background Color', '#00ff88', 'color'),
(9, 'front-customize', 'Backgound Image', '65b00-201147.png', 'image'),
(10, 'front-customize', 'Header Color', '#cf0000', 'color'),
(11, 'front-customize', 'Primary Menu', '21', 'menu'),
(12, 'front-customize', 'Footer Menu', '23', 'menu'),
(13, 'front-customize', 'Static Frontend', '210', 'page'),
(14, 'front-widgets', 'Facebook Fans Page', '', 'deactive'),
(15, 'front-widgets', 'Twitter', '', 'deactive'),
(16, 'front-widgets', 'Histats', '', 'deactive'),
(18, 'front-widgets', 'Add This', '', 'active'),
(19, 'front-widgets', 'Zopim', '', 'deactive'),
(20, 'front-widgets', 'Instagram', '', 'deactive'),
(21, 'front-menus', 'menus_positions', 'Primary Menu', '21'),
(23, 'front-menus', 'menus_positions', 'Footer Menu', '23'),
(80, 'setting_general', 'Site Title', 'Roti Bakery', 'site_title'),
(81, 'setting_general', 'Site Description', 'Description', 'site_desc'),
(82, 'setting_general', 'Keyword', 'Keyword', 'site_keyword'),
(83, 'setting_general', 'Tag Line', 'Tag Line', 'site_tagline'),
(84, 'setting_general', 'Admin E-mail Address', 'admin@admin.com', 'site_email'),
(85, 'setting_company', 'Company Name', 'Bakery', 'company_name'),
(86, 'setting_company', 'Company Address', 'Yogyakarta', 'company_address'),
(87, 'setting_company', 'Company Phone', 'Telp. +62 274', 'company_telephone'),
(91, 'setting_company', 'Company Email', '', 'company_email'),
(102, 'setting_seo', 'Google Webmaster Tools', '', 'google_webmaster_tools'),
(103, 'setting_seo', 'Alexa Verification ID', '', 'alexa_verification'),
(104, 'setting_seo', 'Bing Webmaster Tools', '', 'bing_webmaster'),
(105, 'setting_seo', 'Pinterest', '', 'pinterest'),
(106, 'setting_seo', 'Yandex Webmaster Tools', '', 'yandex_webmaster'),
(107, 'setting_seo', 'Google Analyty', '', 'google_analyty'),
(108, 'setting_seo', 'Google Publisher Page', '', 'google_publisher'),
(109, 'setting_seo', 'Meta Author', '', 'meta_author'),
(110, 'setting_seo', 'Robot Index', '', 'robot_index'),
(111, 'setting_seo', 'Google Boot', '', 'google_boot'),
(112, 'setting_seo', 'Site Map', '', 'site_map'),
(123, 'front-customize', 'Header Image', '24c65-2048.jpg', 'image'),
(124, 'setting_seo', 'Google Author Page', '', 'google_author_page'),
(125, 'setting_seo', 'Account Twitter SEO', '', 'twitter_seo'),
(133, 'setting_company', 'company footer', '© 2016 Roti Bakery All Right Reserved', 'company_footer'),
(162, 'front-theme', 'tezku-default-theme', 'active', '34389-hasilmoupsat.jpg'),
(233, 'front-customize', 'Secondary Menu', '235', 'menu'),
(234, 'front-menus-lists', '', 'Secondary Menu', ''),
(235, 'front-menus', 'menus_positions', 'Secondary Menu', ''),
(236, 'front-menus-lists', '', 'Secondary Menu', '235'),
(261, 'setting_mitra', 'BPS', 'c24f6-bps.png', 'https://www.bps.go.id'),
(262, 'setting_mitra', 'Perdagangan', '1567a-perdagangan.png', 'http://dinperindag.jatengprov.go.id'),
(263, 'setting_mitra', 'Pertanian', '21951-pertanian.png', 'http://dinpertantph.jatengprov.go.id'),
(264, 'setting_mitra', 'Agromaret', '3bdf5-agromaret.png', 'http://agromaret.com/15981/pasar_lelang_semarang'),
(265, 'setting_mitra', 'BMKG', '2d59d-bmkg.png', 'http://www.bmkg.go.id/BMKG_Pusat/Klimatologi/Prakiraan_Hujan_Bulanan.bmkg'),
(266, 'setting_mitra', 'PIHPS', '283e5-pihps.png', 'http://hargapangan.id'),
(468, 'setting_company', 'company header struk', 'header struk', 'company_header_struk'),
(472, 'setting_company', 'company footer struk', 'footer struk', 'company_footer_struk'),
(473, 'setting_company', 'company notif limit stok', '10', 'company_notif_limit_stok'),
(474, 'role_type', 'Add master outlet', 'add', 'master_outlet'),
(475, 'role_type', 'Delete master outlet', 'delete', 'master_outlet'),
(476, 'role_type', 'Edit master outlet', 'edit', 'master_outlet'),
(477, 'role_type', 'Menu master outlet', 'master_outlet', 'menu'),
(479, 'role_type', 'Add master kategori item', 'add', 'master_category'),
(480, 'role_type', 'Delete master kategori item', 'delete', 'master_category'),
(481, 'role_type', 'Edit master kategori item', 'edit', 'master_category'),
(482, 'role_type', 'Menu master kategori item', 'master_category', 'menu'),
(484, 'role_type', 'Add master jenis item', 'add', 'master_jenis'),
(485, 'role_type', 'Delete master jenis item', 'delete', 'master_jenis'),
(486, 'role_type', 'Edit master jenis item', 'edit', 'master_jenis'),
(487, 'role_type', 'Menu master jenis item', 'master_jenis', 'menu'),
(489, 'role_type', 'Add master satuan', 'add', 'master_satuan'),
(490, 'role_type', 'Delete master satuan', 'delete', 'master_satuan'),
(491, 'role_type', 'Edit master satuan', 'edit', 'master_satuan'),
(492, 'role_type', 'Menu master satuan', 'master_satuan', 'menu'),
(494, 'role_type', 'Add master customers', 'add', 'customers'),
(495, 'role_type', 'Delete master customers', 'delete', 'customers'),
(496, 'role_type', 'Edit master customers', 'edit', 'customers'),
(497, 'role_type', 'Menu master customers', 'customers', 'menu'),
(499, 'role_type', 'Add master items', 'add', 'master_item'),
(500, 'role_type', 'Delete master items', 'delete', 'master_item'),
(501, 'role_type', 'Edit master items', 'edit', 'master_item'),
(502, 'role_type', 'Menu master items', 'master_item', 'menu'),
(504, 'role_type', 'Add master retail', 'add', 'master_retail'),
(505, 'role_type', 'Delete master retail', 'delete', 'master_retail'),
(506, 'role_type', 'Edit master retail', 'edit', 'master_retail'),
(507, 'role_type', 'Menu master retail', 'master_retail', 'menu'),
(509, 'role_type', 'Add master bahan', 'add', 'master_bahan'),
(510, 'role_type', 'Delete master bahan', 'delete', 'master_bahan'),
(511, 'role_type', 'Edit master bahan', 'edit', 'master_bahan'),
(512, 'role_type', 'Menu master bahan', 'master_bahan', 'menu'),
(514, 'role_type', 'Add transaksi pemesanan', 'add', 'pemesanan'),
(515, 'role_type', 'Delete transaksi pemesanan', 'delete', 'pemesanan'),
(516, 'role_type', 'Edit transaksi pemesanan', 'edit', 'pemesanan'),
(517, 'role_type', 'Menu transaksi pemesanan', 'pemesanan', 'menu'),
(519, 'role_type', 'Add daftar pemesanan', 'add', 'daftar_pemesanan'),
(520, 'role_type', 'Delete daftar pemesanan', 'delete', 'daftar_pemesanan'),
(521, 'role_type', 'Edit daftar pemesanan', 'edit', 'daftar_pemesanan'),
(522, 'role_type', 'Menu daftar pemesanan', 'daftar_pemesanan', 'menu'),
(524, 'role_type', 'Add penjualan', 'add', 'penjualan'),
(525, 'role_type', 'Delete penjualan', 'delete', 'penjualan'),
(526, 'role_type', 'Edit penjualan', 'edit', 'penjualan'),
(527, 'role_type', 'Menu penjualan', 'penjualan', 'menu'),
(529, 'role_type', 'Add daftar penjualan', 'add', 'daftar_penjualan'),
(530, 'role_type', 'Delete daftar penjualan', 'delete', 'daftar_penjualan'),
(531, 'role_type', 'Edit daftar penjualan', 'edit', 'daftar_penjualan'),
(532, 'role_type', 'Menu daftar penjualan', 'daftar_penjualan', 'menu'),
(534, 'role_type', 'Add stok item', 'add', 'stok'),
(535, 'role_type', 'Delete stok item', 'delete', 'stok'),
(536, 'role_type', 'Edit stok item', 'edit', 'stok'),
(537, 'role_type', 'Menu stok item', 'stok', 'menu'),
(539, 'role_type', 'Add stok retur', 'add', 'stok_retur'),
(540, 'role_type', 'Delete stok retur', 'delete', 'stok_retur'),
(541, 'role_type', 'Edit stok retur', 'edit', 'stok_retur'),
(542, 'role_type', 'Menu stok retur', 'stok_retur', 'menu'),
(544, 'role_type', 'Add stok roti diskon', 'add', 'stok_roti_diskon'),
(545, 'role_type', 'Delete stok roti diskon', 'delete', 'stok_roti_diskon'),
(546, 'role_type', 'Edit stok roti diskon', 'edit', 'stok_roti_diskon'),
(547, 'role_type', 'Menu stok roti diskon', 'stok_roti_diskon', 'menu'),
(549, 'role_type', 'Add stok tidak laku', 'add', 'stok_tidak_laku'),
(550, 'role_type', 'Delete stok tidak laku', 'delete', 'stok_tidak_laku'),
(551, 'role_type', 'Edit stok tidak laku', 'edit', 'stok_tidak_laku'),
(552, 'role_type', 'Menu stok tidak laku', 'stok_tidak_laku', 'menu'),
(554, 'role_type', 'Add roti diskon', 'add', 'roti_diskon'),
(555, 'role_type', 'Delete roti diskon', 'delete', 'roti_diskon'),
(556, 'role_type', 'Edit roti diskon', 'edit', 'roti_diskon'),
(557, 'role_type', 'Menu roti diskon', 'roti_diskon', 'menu'),
(559, 'role_type', 'Add promo', 'add', 'promo'),
(560, 'role_type', 'Delete promo', 'delete', 'promo'),
(561, 'role_type', 'Edit promo', 'edit', 'promo'),
(562, 'role_type', 'Menu promo', 'promo', 'menu'),
(564, 'role_type', 'Add harga item', 'add', 'harga_item'),
(565, 'role_type', 'Delete harga item', 'delete', 'harga_item'),
(566, 'role_type', 'Edit harga item', 'edit', 'harga_item'),
(567, 'role_type', 'Menu harga item', 'harga_item', 'menu'),
(569, 'role_type', 'Add new retur pembeli', 'add', 'new_retur_pembeli'),
(570, 'role_type', 'Delete new retur pembeli', 'delete', 'new_retur_pembeli'),
(571, 'role_type', 'Edit new retur pembeli', 'edit', 'new_retur_pembeli'),
(572, 'role_type', 'Menu new retur pembeli', 'new_retur_pembeli', 'menu'),
(574, 'role_type', 'Add retur pembeli', 'add', 'retur_pembeli'),
(575, 'role_type', 'Delete retur pembeli', 'delete', 'retur_pembeli'),
(576, 'role_type', 'Edit retur pembeli', 'edit', 'retur_pembeli'),
(577, 'role_type', 'Menu retur pembeli', 'retur_pembeli', 'menu'),
(579, 'role_type', 'Add new retur outlet', 'add', 'new_retur_outlet'),
(580, 'role_type', 'Delete new retur outlet', 'delete', 'new_retur_outlet'),
(581, 'role_type', 'Edit new retur outlet', 'edit', 'new_retur_outlet'),
(582, 'role_type', 'Menu new retur outlet', 'new_retur_outlet', 'menu'),
(584, 'role_type', 'Add retur outlet pusat', 'add', 'retur_outlet_pusat'),
(585, 'role_type', 'Delete retur outlet pusat', 'delete', 'retur_outlet_pusat'),
(586, 'role_type', 'Edit retur outlet pusat', 'edit', 'retur_outlet_pusat'),
(587, 'role_type', 'Menu retur outlet pusat', 'retur_outlet_pusat', 'menu'),
(589, 'role_type', 'Add new retur dapur', 'add', 'new_retur_dapur'),
(590, 'role_type', 'Delete new retur dapur', 'delete', 'new_retur_dapur'),
(591, 'role_type', 'Edit new retur dapur', 'edit', 'new_retur_dapur'),
(592, 'role_type', 'Menu new retur dapur', 'new_retur_dapur', 'menu'),
(594, 'role_type', 'Add retur dapur', 'add', 'retur_dapur'),
(595, 'role_type', 'Delete retur dapur', 'delete', 'retur_dapur'),
(596, 'role_type', 'Edit retur dapur', 'edit', 'retur_dapur'),
(597, 'role_type', 'Menu retur dapur', 'retur_dapur', 'menu'),
(599, 'role_type', 'Add mutasi baru', 'add', 'mutasi_baru'),
(600, 'role_type', 'Delete mutasi baru', 'delete', 'mutasi_baru'),
(601, 'role_type', 'Edit mutasi baru', 'edit', 'mutasi_baru'),
(602, 'role_type', 'Menu mutasi baru', 'mutasi_baru', 'menu'),
(604, 'role_type', 'Add barang masuk', 'add', 'barang_masuk'),
(605, 'role_type', 'Delete barang masuk', 'delete', 'barang_masuk'),
(606, 'role_type', 'Edit barang masuk', 'edit', 'barang_masuk'),
(607, 'role_type', 'Menu barang masuk', 'barang_masuk', 'menu'),
(609, 'role_type', 'Add barang keluar', 'add', 'barang_keluar'),
(610, 'role_type', 'Delete barang keluar', 'delete', 'barang_keluar'),
(611, 'role_type', 'Edit barang keluar', 'edit', 'barang_keluar'),
(612, 'role_type', 'Menu barang keluar', 'barang_keluar', 'menu'),
(614, 'role_type', 'Add kredit', 'add', 'kredit'),
(615, 'role_type', 'Delete kredit', 'delete', 'kredit'),
(616, 'role_type', 'Edit kredit', 'edit', 'kredit'),
(617, 'role_type', 'Menu kredit', 'kredit', 'menu'),
(619, 'role_type', 'Add giro', 'add', 'giro'),
(620, 'role_type', 'Delete giro', 'delete', 'giro'),
(621, 'role_type', 'Edit giro', 'edit', 'giro'),
(622, 'role_type', 'Menu giro', 'giro', 'menu'),
(624, 'role_type', 'Add pembelian bahan', 'add', 'pembelian_bahan'),
(625, 'role_type', 'Delete pembelian bahan', 'delete', 'pembelian_bahan'),
(626, 'role_type', 'Edit pembelian bahan', 'edit', 'pembelian_bahan'),
(627, 'role_type', 'Menu pembelian bahan', 'pembelian_bahan', 'menu'),
(629, 'role_type', 'Add daftar pembelian bahan', 'add', 'daftar_pembelian_bahan'),
(630, 'role_type', 'Delete daftar pembelian bahan', 'delete', 'daftar_pembelian_bahan'),
(631, 'role_type', 'Edit daftar pembelian bahan', 'edit', 'daftar_pembelian_bahan'),
(632, 'role_type', 'Menu daftar pembelian bahan', 'daftar_pembelian_bahan', 'menu'),
(634, 'role_type', 'Add resep', 'add', 'resep'),
(635, 'role_type', 'Delete resep', 'delete', 'resep'),
(636, 'role_type', 'Edit resep', 'edit', 'resep'),
(637, 'role_type', 'Menu resep', 'resep', 'menu'),
(639, 'role_type', 'Add daftar resep', 'add', 'daftar_resep'),
(640, 'role_type', 'Delete daftar resep', 'delete', 'daftar_resep'),
(641, 'role_type', 'Edit daftar resep', 'edit', 'daftar_resep'),
(642, 'role_type', 'Menu daftar resep', 'daftar_resep', 'menu'),
(644, 'role_type', 'Add penjualan dapur', 'add', 'penjualan_dapur'),
(645, 'role_type', 'Delete penjualan dapur', 'delete', 'penjualan_dapur'),
(646, 'role_type', 'Edit penjualan dapur', 'edit', 'penjualan_dapur'),
(647, 'role_type', 'Menu penjualan dapur', 'penjualan_dapur', 'menu'),
(649, 'role_type', 'Add daftar penjualan dapur', 'add', 'daftar_penjualan_dapur'),
(650, 'role_type', 'Delete daftar penjualan dapur', 'delete', 'daftar_penjualan_dapur'),
(651, 'role_type', 'Edit daftar penjualan dapur', 'edit', 'daftar_penjualan_dapur'),
(652, 'role_type', 'Menu daftar penjualan dapur', 'daftar_penjualan_dapur', 'menu'),
(654, 'role_type', 'Add stok bahan', 'add', 'stok_bahan'),
(655, 'role_type', 'Delete stok bahan', 'delete', 'stok_bahan'),
(656, 'role_type', 'Edit stok bahan', 'edit', 'stok_bahan'),
(657, 'role_type', 'Menu stok bahan', 'stok_bahan', 'menu'),
(659, 'role_type', 'Add stok roti dapur', 'add', 'stok_roti_dapur'),
(660, 'role_type', 'Delete stok roti dapur', 'delete', 'stok_roti_dapur'),
(661, 'role_type', 'Edit stok roti dapur', 'edit', 'stok_roti_dapur'),
(662, 'role_type', 'Menu stok roti dapur', 'stok_roti_dapur', 'menu'),
(664, 'role_type', 'Add laporan pemesanan', 'add', 'report_pemesanan'),
(665, 'role_type', 'Delete laporan pemesanan', 'delete', 'report_pemesanan'),
(666, 'role_type', 'Edit laporan pemesanan', 'edit', 'report_pemesanan'),
(667, 'role_type', 'Menu laporan pemesanan', 'report_pemesanan', 'menu'),
(669, 'role_type', 'Add laporan penjualan', 'add', 'report_penjualan'),
(670, 'role_type', 'Delete laporan penjualan', 'delete', 'report_penjualan'),
(671, 'role_type', 'Edit laporan penjualan', 'edit', 'report_penjualan'),
(672, 'role_type', 'Menu laporan penjualan', 'report_penjualan', 'menu'),
(674, 'role_type', 'Add laporan mutasi', 'add', 'report_mutasi'),
(675, 'role_type', 'Delete laporan mutasi', 'delete', 'report_mutasi'),
(676, 'role_type', 'Edit laporan mutasi', 'edit', 'report_mutasi'),
(677, 'role_type', 'Menu laporan mutasi', 'report_mutasi', 'menu'),
(679, 'role_type', 'Add laporan retur', 'add', 'report_retur'),
(680, 'role_type', 'Delete laporan retur', 'delete', 'report_retur'),
(681, 'role_type', 'Edit laporan retur', 'edit', 'report_retur'),
(682, 'role_type', 'Menu laporan retur', 'report_retur', 'menu'),
(684, 'role_type', 'Add laporan laba rugi', 'add', 'report_laba_rugi'),
(685, 'role_type', 'Delete laporan laba rugi', 'delete', 'report_laba_rugi'),
(686, 'role_type', 'Edit laporan laba rugi', 'edit', 'report_laba_rugi'),
(687, 'role_type', 'Menu laporan laba rugi', 'report_laba_rugi', 'menu'),
(689, 'role_type', 'Add laporan utang piutang', 'add', 'report_utang_piutang'),
(690, 'role_type', 'Delete laporan utang piutang', 'delete', 'report_utang_piutang'),
(691, 'role_type', 'Edit laporan utang piutang', 'edit', 'report_utang_piutang'),
(692, 'role_type', 'Menu laporan utang piutang', 'report_utang_piutang', 'menu'),
(694, 'role_type', 'Add laporan cashflow', 'add', 'report_cashflow'),
(695, 'role_type', 'Delete laporan cashflow', 'delete', 'report_cashflow'),
(696, 'role_type', 'Edit laporan cashflow', 'edit', 'report_cashflow'),
(697, 'role_type', 'Menu laporan cashflow', 'report_cashflow', 'menu'),
(699, 'role_type', 'Add laporan pembelian bahan', 'add', 'report_pembelian_bahan'),
(700, 'role_type', 'Delete laporan pembelian bahan', 'delete', 'report_pembelian_bahan'),
(701, 'role_type', 'Edit laporan pembelian bahan', 'edit', 'report_pembelian_bahan'),
(702, 'role_type', 'Menu laporan pembelian bahan', 'report_pembelian_bahan', 'menu'),
(704, 'role_type', 'Add laporan penjualan dapur', 'add', 'report_penjualan_dapur'),
(705, 'role_type', 'Delete laporan penjualan dapur', 'delete', 'report_penjualan_dapur'),
(706, 'role_type', 'Edit laporan penjualan dapur', 'edit', 'report_penjualan_dapur'),
(707, 'role_type', 'Menu laporan penjualan dapur', 'report_penjualan_dapur', 'menu'),
(709, 'role_type', 'Add laporan resep', 'add', 'report_resep'),
(710, 'role_type', 'Delete laporan resep', 'delete', 'report_resep'),
(711, 'role_type', 'Edit laporan resep', 'edit', 'report_resep'),
(712, 'role_type', 'Menu laporan resep', 'report_resep', 'menu'),
(714, 'role_type', 'Add users', 'add', 'users'),
(715, 'role_type', 'Delete users', 'delete', 'users'),
(716, 'role_type', 'Edit users', 'edit', 'users'),
(717, 'role_type', 'Menu users', 'users', 'menu'),
(719, 'role_type', 'Add jabatan', 'add', 'groups'),
(720, 'role_type', 'Delete jabatan', 'delete', 'groups'),
(721, 'role_type', 'Edit jabatan', 'edit', 'groups'),
(722, 'role_type', 'Menu jabatan', 'groups', 'menu'),
(724, 'role_type', 'Add setting general', 'add', 'setting_general'),
(725, 'role_type', 'Delete setting general', 'delete', 'setting_general'),
(726, 'role_type', 'Edit setting general', 'edit', 'setting_general'),
(727, 'role_type', 'Menu setting general', 'setting_general', 'menu'),
(729, 'role_type', 'Add setting company', 'add', 'setting_company'),
(730, 'role_type', 'Delete setting company', 'delete', 'setting_company'),
(731, 'role_type', 'Edit setting company', 'edit', 'setting_company'),
(732, 'role_type', 'Menu setting company', 'setting_company', 'menu');

-- --------------------------------------------------------

--
-- Table structure for table `tb_terms`
--

CREATE TABLE `tb_terms` (
  `terms_id` bigint(20) NOT NULL,
  `terms_type` varchar(100) CHARACTER SET utf8 NOT NULL,
  `category_id` bigint(20) NOT NULL,
  `post_id` bigint(20) NOT NULL
) ENGINE=InnoDB DEFAULT CHARSET=latin1;

--
-- Dumping data for table `tb_terms`
--

INSERT INTO `tb_terms` (`terms_id`, `terms_type`, `category_id`, `post_id`) VALUES
(5, 'nama_bahan', 2, 5),
(6, 'nama_bahan', 3, 5),
(9, 'cabang', 3, 1),
(10, 'user_outlet', 1, 1),
(14, 'user_outlet', 4, 1),
(15, 'user_outlet', 3, 1),
(16, 'user_outlet', 2, 1),
(23, 'user_outlet', 1, 12),
(24, 'item_outlet', 3, 1),
(25, 'item_outlet', 4, 1),
(26, 'item_outlet', 1, 1),
(27, 'item_outlet', 2, 1),
(28, 'item_outlet', 3, 2),
(29, 'item_outlet', 4, 2),
(30, 'item_outlet', 1, 2),
(31, 'item_outlet', 2, 2),
(32, 'item_outlet', 3, 3),
(33, 'item_outlet', 4, 3),
(34, 'item_outlet', 1, 3),
(35, 'item_outlet', 2, 3),
(36, 'item_outlet', 3, 4),
(37, 'item_outlet', 4, 4),
(38, 'item_outlet', 1, 4),
(39, 'item_outlet', 2, 4),
(40, 'item_outlet', 3, 5),
(41, 'item_outlet', 4, 5),
(42, 'item_outlet', 1, 5),
(43, 'item_outlet', 2, 5),
(48, 'item_outlet', 3, 7),
(49, 'item_outlet', 4, 7),
(50, 'item_outlet', 1, 7),
(51, 'item_outlet', 2, 7),
(52, 'item_outlet', 3, 8),
(53, 'item_outlet', 4, 8),
(54, 'item_outlet', 1, 8),
(55, 'item_outlet', 2, 8),
(56, 'item_outlet', 3, 9),
(57, 'item_outlet', 4, 9),
(58, 'item_outlet', 1, 9),
(59, 'item_outlet', 2, 9),
(64, 'item_outlet', 3, 12),
(65, 'item_outlet', 4, 12),
(66, 'item_outlet', 1, 12),
(67, 'item_outlet', 2, 12),
(68, 'item_outlet', 3, 13),
(69, 'item_outlet', 4, 13),
(70, 'item_outlet', 1, 13),
(71, 'item_outlet', 2, 13),
(76, 'item_outlet', 3, 15),
(77, 'item_outlet', 4, 15),
(78, 'item_outlet', 1, 15),
(79, 'item_outlet', 2, 15),
(80, 'role', 397, 2),
(83, 'role', 497, 3),
(84, 'role', 502, 3),
(85, 'role', 527, 3),
(86, 'role', 517, 3);

-- --------------------------------------------------------

--
-- Table structure for table `tb_user`
--

CREATE TABLE `tb_user` (
  `id` int(11) UNSIGNED NOT NULL,
  `username` varchar(100) DEFAULT NULL,
  `password` varchar(255) DEFAULT NULL,
  `email` varchar(100) DEFAULT NULL,
  `first_name` varchar(50) DEFAULT NULL,
  `last_name` varchar(50) DEFAULT NULL,
  `phone` varchar(20) DEFAULT NULL,
  `active` tinyint(1) DEFAULT '0',
  `ip_address` varchar(45) DEFAULT NULL,
  `salt` varchar(255) DEFAULT NULL,
  `activation_code` varchar(40) DEFAULT NULL,
  `forgotten_password_code` varchar(40) DEFAULT NULL,
  `forgotten_password_time` int(11) UNSIGNED DEFAULT NULL,
  `remember_code` varchar(40) DEFAULT NULL,
  `created_on` int(11) UNSIGNED DEFAULT NULL,
  `last_login` int(11) UNSIGNED DEFAULT NULL,
  `company` varchar(100) DEFAULT NULL,
  `user_created` timestamp NOT NULL,
  `user_display_name` varchar(100) DEFAULT NULL,
  `user_avatar` varchar(100) DEFAULT NULL,
  `user_gender` enum('pria','wanita','lainnya') DEFAULT 'pria',
  `user_mobile` varchar(20) DEFAULT NULL,
  `user_date_birth` date DEFAULT NULL,
  `user_address` text,
  `user_identitas` varchar(50) DEFAULT NULL
) ENGINE=InnoDB DEFAULT CHARSET=utf8;

--
-- Dumping data for table `tb_user`
--

INSERT INTO `tb_user` (`id`, `username`, `password`, `email`, `first_name`, `last_name`, `phone`, `active`, `ip_address`, `salt`, `activation_code`, `forgotten_password_code`, `forgotten_password_time`, `remember_code`, `created_on`, `last_login`, `company`, `user_created`, `user_display_name`, `user_avatar`, `user_gender`, `user_mobile`, `user_date_birth`, `user_address`, `user_identitas`) VALUES
(1, 'admin', '$2a$07$SeBknntpZror9uyftVopmu61qg0ms8Qv1yV6FG.kQOSM.9QhmTo36', 'admin@admin.com', 'Admin', 'istrator', '0', 1, '127.0.0.1', '', '', NULL, NULL, NULL, 1268889823, 1476125273, 'ADMIN', '2016-05-25 13:43:17', 'admin', '', 'pria', '', '1991-03-29', NULL, NULL),
(12, 'general', '$2y$08$.R7B6.w7yK95UWMlZcCb7OvSSVWb6UXGLKNTY0tOHq6yuoz8i23aO', 'didik@gmail.com', NULL, NULL, NULL, 1, NULL, NULL, NULL, NULL, NULL, NULL, NULL, 1476125198, NULL, '2016-08-05 13:24:03', NULL, NULL, 'pria', '', '1989-06-13', '', '');

-- --------------------------------------------------------

--
-- Table structure for table `tb_users_feeds`
--

CREATE TABLE `tb_users_feeds` (
  `feed_id` bigint(20) NOT NULL,
  `feed_parent` bigint(20) NOT NULL,
  `feed_author` varchar(50) CHARACTER SET utf8 NOT NULL,
  `feed_author_email` varchar(100) CHARACTER SET utf8 NOT NULL,
  `feed_author_url` varchar(200) CHARACTER SET utf8 NOT NULL,
  `feed_content` text CHARACTER SET utf8 NOT NULL,
  `feed_status` enum('approved','pending','spam','trash') CHARACTER SET utf8 NOT NULL,
  `feed_type` enum('comments','testimony','contact') CHARACTER SET utf8 NOT NULL,
  `feed_date` datetime NOT NULL,
  `feed_ip` varchar(18) CHARACTER SET utf8 NOT NULL,
  `feed_agent` varchar(255) CHARACTER SET utf8 NOT NULL,
  `feed_user_id` bigint(20) NOT NULL
) ENGINE=InnoDB DEFAULT CHARSET=latin1;

-- --------------------------------------------------------

--
-- Table structure for table `tb_users_groups`
--

CREATE TABLE `tb_users_groups` (
  `id` int(11) UNSIGNED NOT NULL,
  `user_id` int(11) UNSIGNED NOT NULL,
  `group_id` mediumint(8) UNSIGNED NOT NULL
) ENGINE=InnoDB DEFAULT CHARSET=utf8;

--
-- Dumping data for table `tb_users_groups`
--

INSERT INTO `tb_users_groups` (`id`, `user_id`, `group_id`) VALUES
(3, 1, 1),
(14, 12, 3);

--
-- Indexes for dumped tables
--

--
-- Indexes for table `tb_category`
--
ALTER TABLE `tb_category`
  ADD PRIMARY KEY (`category_id`);

--
-- Indexes for table `tb_customer`
--
ALTER TABLE `tb_customer`
  ADD PRIMARY KEY (`customer_id`);

--
-- Indexes for table `tb_giro`
--
ALTER TABLE `tb_giro`
  ADD PRIMARY KEY (`giro_id`);

--
-- Indexes for table `tb_groups`
--
ALTER TABLE `tb_groups`
  ADD PRIMARY KEY (`id`);

--
-- Indexes for table `tb_harga`
--
ALTER TABLE `tb_harga`
  ADD PRIMARY KEY (`harga_id`),
  ADD UNIQUE KEY `tb_harga_harga_id_uindex` (`harga_id`);

--
-- Indexes for table `tb_inventory`
--
ALTER TABLE `tb_inventory`
  ADD PRIMARY KEY (`inventory_id`);

--
-- Indexes for table `tb_inv_dapur`
--
ALTER TABLE `tb_inv_dapur`
  ADD PRIMARY KEY (`inv_id`),
  ADD UNIQUE KEY `tb_inv_dapur_inv_id_uindex` (`inv_id`);

--
-- Indexes for table `tb_item_promo`
--
ALTER TABLE `tb_item_promo`
  ADD PRIMARY KEY (`item_promo_id`);

--
-- Indexes for table `tb_kredit`
--
ALTER TABLE `tb_kredit`
  ADD PRIMARY KEY (`kd_id`);

--
-- Indexes for table `tb_login_attempts`
--
ALTER TABLE `tb_login_attempts`
  ADD PRIMARY KEY (`id`);

--
-- Indexes for table `tb_master_bahan`
--
ALTER TABLE `tb_master_bahan`
  ADD PRIMARY KEY (`master_bahan_id`);

--
-- Indexes for table `tb_master_category`
--
ALTER TABLE `tb_master_category`
  ADD PRIMARY KEY (`master_category_id`);

--
-- Indexes for table `tb_master_item`
--
ALTER TABLE `tb_master_item`
  ADD PRIMARY KEY (`item_id`);

--
-- Indexes for table `tb_master_jenis`
--
ALTER TABLE `tb_master_jenis`
  ADD PRIMARY KEY (`master_jenis_id`);

--
-- Indexes for table `tb_master_outlet`
--
ALTER TABLE `tb_master_outlet`
  ADD PRIMARY KEY (`master_outlet_id`);

--
-- Indexes for table `tb_master_satuan`
--
ALTER TABLE `tb_master_satuan`
  ADD PRIMARY KEY (`master_satuan_id`);

--
-- Indexes for table `tb_mutasi`
--
ALTER TABLE `tb_mutasi`
  ADD PRIMARY KEY (`mutasi_id`);

--
-- Indexes for table `tb_mutasi_dapur`
--
ALTER TABLE `tb_mutasi_dapur`
  ADD PRIMARY KEY (`mutasi_dapur_id`),
  ADD UNIQUE KEY `tb_mutasi_dapur_mutasi_dapur_id_uindex` (`mutasi_dapur_id`);

--
-- Indexes for table `tb_mutasi_dapur_detail`
--
ALTER TABLE `tb_mutasi_dapur_detail`
  ADD PRIMARY KEY (`mutasi_dapur_detail_id`),
  ADD UNIQUE KEY `tb_mutasi_dapur_detail_mutasi_dapur_detail_id_uindex` (`mutasi_dapur_detail_id`);

--
-- Indexes for table `tb_mutasi_detail`
--
ALTER TABLE `tb_mutasi_detail`
  ADD PRIMARY KEY (`mutasi_detail_id`);

--
-- Indexes for table `tb_notification`
--
ALTER TABLE `tb_notification`
  ADD PRIMARY KEY (`notification_id`);

--
-- Indexes for table `tb_order`
--
ALTER TABLE `tb_order`
  ADD PRIMARY KEY (`order_id`);

--
-- Indexes for table `tb_order_dapur`
--
ALTER TABLE `tb_order_dapur`
  ADD PRIMARY KEY (`order_dapur_id`);

--
-- Indexes for table `tb_order_detail`
--
ALTER TABLE `tb_order_detail`
  ADD PRIMARY KEY (`order_detail_id`);

--
-- Indexes for table `tb_pembelian_bahan`
--
ALTER TABLE `tb_pembelian_bahan`
  ADD PRIMARY KEY (`id`),
  ADD UNIQUE KEY `tb_pembelian_bahan_id_uindex` (`id`);

--
-- Indexes for table `tb_pembelian_bahan_detail`
--
ALTER TABLE `tb_pembelian_bahan_detail`
  ADD PRIMARY KEY (`id`),
  ADD UNIQUE KEY `tb_pembelian_bahan_detail_id_uindex` (`id`);

--
-- Indexes for table `tb_pesanan`
--
ALTER TABLE `tb_pesanan`
  ADD PRIMARY KEY (`pesanan_id`);

--
-- Indexes for table `tb_resep`
--
ALTER TABLE `tb_resep`
  ADD PRIMARY KEY (`resep_id`),
  ADD UNIQUE KEY `tb_resep_resep_id_uindex` (`resep_id`);

--
-- Indexes for table `tb_resep_detail`
--
ALTER TABLE `tb_resep_detail`
  ADD PRIMARY KEY (`resep_detail_id`),
  ADD UNIQUE KEY `tb_resep_detail_resep_detail_id_uindex` (`resep_detail_id`);

--
-- Indexes for table `tb_retur`
--
ALTER TABLE `tb_retur`
  ADD PRIMARY KEY (`retur_id`);

--
-- Indexes for table `tb_retur_detail`
--
ALTER TABLE `tb_retur_detail`
  ADD PRIMARY KEY (`retur_detail_id`);

--
-- Indexes for table `tb_sales`
--
ALTER TABLE `tb_sales`
  ADD PRIMARY KEY (`sales_id`);

--
-- Indexes for table `tb_sales_detail`
--
ALTER TABLE `tb_sales_detail`
  ADD PRIMARY KEY (`sales_detail_id`);

--
-- Indexes for table `tb_setting`
--
ALTER TABLE `tb_setting`
  ADD PRIMARY KEY (`setting_id`);

--
-- Indexes for table `tb_terms`
--
ALTER TABLE `tb_terms`
  ADD PRIMARY KEY (`terms_id`);

--
-- Indexes for table `tb_user`
--
ALTER TABLE `tb_user`
  ADD PRIMARY KEY (`id`),
  ADD UNIQUE KEY `tb_user_username_uindex` (`username`);

--
-- Indexes for table `tb_users_feeds`
--
ALTER TABLE `tb_users_feeds`
  ADD PRIMARY KEY (`feed_id`);

--
-- Indexes for table `tb_users_groups`
--
ALTER TABLE `tb_users_groups`
  ADD PRIMARY KEY (`id`),
  ADD UNIQUE KEY `uc_users_groups` (`user_id`,`group_id`),
  ADD KEY `fk_users_groups_users1_idx` (`user_id`),
  ADD KEY `fk_users_groups_groups1_idx` (`group_id`);

--
-- AUTO_INCREMENT for dumped tables
--

--
-- AUTO_INCREMENT for table `tb_category`
--
ALTER TABLE `tb_category`
  MODIFY `category_id` int(11) NOT NULL AUTO_INCREMENT, AUTO_INCREMENT=169;
--
-- AUTO_INCREMENT for table `tb_customer`
--
ALTER TABLE `tb_customer`
  MODIFY `customer_id` int(11) NOT NULL AUTO_INCREMENT, AUTO_INCREMENT=5;
--
-- AUTO_INCREMENT for table `tb_giro`
--
ALTER TABLE `tb_giro`
  MODIFY `giro_id` int(11) NOT NULL AUTO_INCREMENT;
--
-- AUTO_INCREMENT for table `tb_groups`
--
ALTER TABLE `tb_groups`
  MODIFY `id` mediumint(8) UNSIGNED NOT NULL AUTO_INCREMENT, AUTO_INCREMENT=4;
--
-- AUTO_INCREMENT for table `tb_harga`
--
ALTER TABLE `tb_harga`
  MODIFY `harga_id` int(11) NOT NULL AUTO_INCREMENT, AUTO_INCREMENT=13;
--
-- AUTO_INCREMENT for table `tb_inventory`
--
ALTER TABLE `tb_inventory`
  MODIFY `inventory_id` bigint(20) NOT NULL AUTO_INCREMENT, AUTO_INCREMENT=26;
--
-- AUTO_INCREMENT for table `tb_inv_dapur`
--
ALTER TABLE `tb_inv_dapur`
  MODIFY `inv_id` int(11) NOT NULL AUTO_INCREMENT, AUTO_INCREMENT=7;
--
-- AUTO_INCREMENT for table `tb_item_promo`
--
ALTER TABLE `tb_item_promo`
  MODIFY `item_promo_id` bigint(20) NOT NULL AUTO_INCREMENT, AUTO_INCREMENT=4;
--
-- AUTO_INCREMENT for table `tb_kredit`
--
ALTER TABLE `tb_kredit`
  MODIFY `kd_id` int(11) NOT NULL AUTO_INCREMENT;
--
-- AUTO_INCREMENT for table `tb_login_attempts`
--
ALTER TABLE `tb_login_attempts`
  MODIFY `id` int(11) UNSIGNED NOT NULL AUTO_INCREMENT, AUTO_INCREMENT=4;
--
-- AUTO_INCREMENT for table `tb_master_bahan`
--
ALTER TABLE `tb_master_bahan`
  MODIFY `master_bahan_id` int(11) NOT NULL AUTO_INCREMENT, AUTO_INCREMENT=5;
--
-- AUTO_INCREMENT for table `tb_master_category`
--
ALTER TABLE `tb_master_category`
  MODIFY `master_category_id` int(11) NOT NULL AUTO_INCREMENT, AUTO_INCREMENT=23;
--
-- AUTO_INCREMENT for table `tb_master_item`
--
ALTER TABLE `tb_master_item`
  MODIFY `item_id` int(11) NOT NULL AUTO_INCREMENT, AUTO_INCREMENT=38;
--
-- AUTO_INCREMENT for table `tb_master_jenis`
--
ALTER TABLE `tb_master_jenis`
  MODIFY `master_jenis_id` int(11) NOT NULL AUTO_INCREMENT, AUTO_INCREMENT=11;
--
-- AUTO_INCREMENT for table `tb_master_outlet`
--
ALTER TABLE `tb_master_outlet`
  MODIFY `master_outlet_id` int(11) NOT NULL AUTO_INCREMENT, AUTO_INCREMENT=5;
--
-- AUTO_INCREMENT for table `tb_master_satuan`
--
ALTER TABLE `tb_master_satuan`
  MODIFY `master_satuan_id` int(11) NOT NULL AUTO_INCREMENT, AUTO_INCREMENT=5;
--
-- AUTO_INCREMENT for table `tb_mutasi`
--
ALTER TABLE `tb_mutasi`
  MODIFY `mutasi_id` bigint(20) NOT NULL AUTO_INCREMENT, AUTO_INCREMENT=2;
--
-- AUTO_INCREMENT for table `tb_mutasi_dapur`
--
ALTER TABLE `tb_mutasi_dapur`
  MODIFY `mutasi_dapur_id` int(11) NOT NULL AUTO_INCREMENT, AUTO_INCREMENT=5;
--
-- AUTO_INCREMENT for table `tb_mutasi_dapur_detail`
--
ALTER TABLE `tb_mutasi_dapur_detail`
  MODIFY `mutasi_dapur_detail_id` int(11) NOT NULL AUTO_INCREMENT, AUTO_INCREMENT=5;
--
-- AUTO_INCREMENT for table `tb_mutasi_detail`
--
ALTER TABLE `tb_mutasi_detail`
  MODIFY `mutasi_detail_id` bigint(20) NOT NULL AUTO_INCREMENT, AUTO_INCREMENT=2;
--
-- AUTO_INCREMENT for table `tb_notification`
--
ALTER TABLE `tb_notification`
  MODIFY `notification_id` bigint(20) NOT NULL AUTO_INCREMENT, AUTO_INCREMENT=49;
--
-- AUTO_INCREMENT for table `tb_order`
--
ALTER TABLE `tb_order`
  MODIFY `order_id` bigint(20) NOT NULL AUTO_INCREMENT, AUTO_INCREMENT=14;
--
-- AUTO_INCREMENT for table `tb_order_dapur`
--
ALTER TABLE `tb_order_dapur`
  MODIFY `order_dapur_id` bigint(20) NOT NULL AUTO_INCREMENT;
--
-- AUTO_INCREMENT for table `tb_order_detail`
--
ALTER TABLE `tb_order_detail`
  MODIFY `order_detail_id` bigint(20) NOT NULL AUTO_INCREMENT, AUTO_INCREMENT=24;
--
-- AUTO_INCREMENT for table `tb_pembelian_bahan`
--
ALTER TABLE `tb_pembelian_bahan`
  MODIFY `id` int(11) NOT NULL AUTO_INCREMENT, AUTO_INCREMENT=9;
--
-- AUTO_INCREMENT for table `tb_pembelian_bahan_detail`
--
ALTER TABLE `tb_pembelian_bahan_detail`
  MODIFY `id` int(11) NOT NULL AUTO_INCREMENT, AUTO_INCREMENT=12;
--
-- AUTO_INCREMENT for table `tb_pesanan`
--
ALTER TABLE `tb_pesanan`
  MODIFY `pesanan_id` bigint(20) NOT NULL AUTO_INCREMENT;
--
-- AUTO_INCREMENT for table `tb_resep`
--
ALTER TABLE `tb_resep`
  MODIFY `resep_id` int(11) NOT NULL AUTO_INCREMENT, AUTO_INCREMENT=17;
--
-- AUTO_INCREMENT for table `tb_resep_detail`
--
ALTER TABLE `tb_resep_detail`
  MODIFY `resep_detail_id` int(11) NOT NULL AUTO_INCREMENT, AUTO_INCREMENT=45;
--
-- AUTO_INCREMENT for table `tb_retur`
--
ALTER TABLE `tb_retur`
  MODIFY `retur_id` bigint(20) NOT NULL AUTO_INCREMENT, AUTO_INCREMENT=22;
--
-- AUTO_INCREMENT for table `tb_retur_detail`
--
ALTER TABLE `tb_retur_detail`
  MODIFY `retur_detail_id` bigint(20) NOT NULL AUTO_INCREMENT, AUTO_INCREMENT=31;
--
-- AUTO_INCREMENT for table `tb_sales`
--
ALTER TABLE `tb_sales`
  MODIFY `sales_id` bigint(20) NOT NULL AUTO_INCREMENT, AUTO_INCREMENT=56;
--
-- AUTO_INCREMENT for table `tb_sales_detail`
--
ALTER TABLE `tb_sales_detail`
  MODIFY `sales_detail_id` bigint(20) NOT NULL AUTO_INCREMENT, AUTO_INCREMENT=153;
--
-- AUTO_INCREMENT for table `tb_setting`
--
ALTER TABLE `tb_setting`
  MODIFY `setting_id` bigint(20) NOT NULL AUTO_INCREMENT, AUTO_INCREMENT=734;
--
-- AUTO_INCREMENT for table `tb_terms`
--
ALTER TABLE `tb_terms`
  MODIFY `terms_id` bigint(20) NOT NULL AUTO_INCREMENT, AUTO_INCREMENT=87;
--
-- AUTO_INCREMENT for table `tb_user`
--
ALTER TABLE `tb_user`
  MODIFY `id` int(11) UNSIGNED NOT NULL AUTO_INCREMENT, AUTO_INCREMENT=13;
--
-- AUTO_INCREMENT for table `tb_users_feeds`
--
ALTER TABLE `tb_users_feeds`
  MODIFY `feed_id` bigint(20) NOT NULL AUTO_INCREMENT;
--
-- AUTO_INCREMENT for table `tb_users_groups`
--
ALTER TABLE `tb_users_groups`
  MODIFY `id` int(11) UNSIGNED NOT NULL AUTO_INCREMENT, AUTO_INCREMENT=15;
--
-- Constraints for dumped tables
--

--
-- Constraints for table `tb_users_groups`
--
ALTER TABLE `tb_users_groups`
  ADD CONSTRAINT `fk_users_groups_groups1` FOREIGN KEY (`group_id`) REFERENCES `tb_groups` (`id`) ON DELETE CASCADE ON UPDATE NO ACTION,
  ADD CONSTRAINT `fk_users_groups_users1` FOREIGN KEY (`user_id`) REFERENCES `tb_user` (`id`) ON DELETE CASCADE ON UPDATE NO ACTION;

/*!40101 SET CHARACTER_SET_CLIENT=@OLD_CHARACTER_SET_CLIENT */;
/*!40101 SET CHARACTER_SET_RESULTS=@OLD_CHARACTER_SET_RESULTS */;
/*!40101 SET COLLATION_CONNECTION=@OLD_COLLATION_CONNECTION */;
